id,doc_number,customer_id,period,date,applied_invoice_id,applied_doc_number,amount
RC-2024-01-0000,RC-2024-0001,sub-init-14,2024-01,2024-01-10,INV-OB-0819,INV-2023-0001,5933.85
RC-2024-01-0001,RC-2024-0002,sub-init-15,2024-01,2024-01-23,INV-OB-0820,INV-2023-0002,4320.09
RC-2024-01-0002,RC-2024-0003,sub-init-11,2024-01,2024-01-21,INV-OB-0821,INV-2023-0003,127191.62
RC-2024-01-0003,RC-2024-0004,sub-init-23,2024-01,2024-01-22,INV-OB-0822,INV-2023-0004,51680.58
RC-2024-02-0004,RC-2024-0005,sub-init-23,2024-02,2024-02-15,INV-OB-0822,INV-2023-0004,135904.46
RC-2024-02-0005,RC-2024-0006,sub-0-0,2024-02,2024-02-13,INV-OB-0823,INV-2023-0005,148741.86
RC-2024-02-0006,RC-2024-0007,sub-0-1,2024-02,2024-02-01,INV-OB-0824,INV-2023-0006,46227.54
RC-2024-02-0007,RC-2024-0008,sub-init-11,2024-02,2024-02-14,INV-S-0002,INV-2024-0003,168800.00
RC-2024-02-0008,RC-2024-0009,sub-init-14,2024-02,2024-02-20,INV-S-0000,INV-2024-0001,7875.00
RC-2024-02-0009,RC-2024-0010,sub-init-15,2024-02,2024-02-22,INV-S-0001,INV-2024-0002,5733.33
RC-2024-02-0010,RC-2024-0011,sub-init-23,2024-02,2024-02-27,INV-S-0003,INV-2024-0004,64476.71
RC-2024-03-0011,RC-2024-0012,sub-init-23,2024-03,2024-03-24,INV-S-0003,INV-2024-0004,184473.29
RC-2024-03-0012,RC-2024-0013,sub-0-0,2024-03,2024-03-08,INV-S-0004,INV-2024-0005,197400.00
RC-2024-03-0013,RC-2024-0014,sub-0-1,2024-03,2024-03-10,INV-S-0005,INV-2024-0006,46191.78
RC-2024-04-0014,RC-2024-0015,sub-0-1,2024-04,2024-04-20,INV-S-0005,INV-2024-0006,15158.22
RC-2024-04-0015,RC-2024-0016,sub-1-0,2024-04,2024-04-17,INV-S-0008,INV-2024-0009,45700.00
RC-2024-04-0016,RC-2024-0017,sub-1-1,2024-04,2024-04-23,INV-S-0009,INV-2024-0010,50850.00
RC-2024-04-0017,RC-2024-0018,sub-init-10,2024-04,2024-04-19,INV-S-0006,INV-2024-0007,61450.00
RC-2024-04-0018,RC-2024-0019,sub-init-22,2024-04,2024-04-21,INV-S-0007,INV-2024-0008,57950.00
RC-2024-04-0019,RC-2024-0020,sub-0-0,2024-04,2024-04-11,INV-V-0514,INV-2024-0080,34000.00
RC-2024-04-0020,RC-2024-0021,sub-0-1,2024-04,2024-04-13,INV-V-0518,INV-2024-0084,8500.00
RC-2024-04-0021,RC-2024-0022,sub-init-9,2024-04,2024-04-18,INV-S-0010,INV-2024-0011,38950.00
RC-2024-04-0022,RC-2024-0023,sub-init-21,2024-04,2024-04-23,INV-S-0011,INV-2024-0012,37750.00
RC-2024-04-0023,RC-2024-0024,sub-2-0,2024-04,2024-04-22,INV-S-0012,INV-2024-0013,36950.00
RC-2024-04-0024,RC-2024-0025,sub-2-1,2024-04,2024-04-24,INV-S-0013,INV-2024-0014,185326.37
RC-2024-05-0025,RC-2024-0026,sub-2-1,2024-05,2024-05-13,INV-S-0013,INV-2024-0014,41623.63
RC-2024-05-0026,RC-2024-0027,sub-0-0,2024-05,2024-05-10,INV-V-0515,INV-2024-0081,34000.00
RC-2024-05-0027,RC-2024-0028,sub-0-1,2024-05,2024-05-12,INV-V-0519,INV-2024-0085,8500.00
RC-2024-05-0028,RC-2024-0029,sub-init-8,2024-05,2024-05-17,INV-S-0015,INV-2024-0016,49100.00
RC-2024-05-0029,RC-2024-0030,sub-init-20,2024-05,2024-05-22,INV-S-0016,INV-2024-0017,194600.00
RC-2024-05-0030,RC-2024-0031,sub-3-0,2024-05,2024-05-25,INV-S-0017,INV-2024-0018,153122.16
RC-2024-06-0031,RC-2024-0032,sub-3-0,2024-06,2024-06-17,INV-S-0017,INV-2024-0018,87127.84
RC-2024-06-0032,RC-2024-0033,sub-3-1,2024-06,2024-06-24,INV-S-0018,INV-2024-0019,43050.00
RC-2024-06-0033,RC-2024-0034,sub-3-2,2024-06,2024-06-23,INV-S-0019,INV-2024-0020,43650.00
RC-2024-06-0034,RC-2024-0035,sub-0-0,2024-06,2024-06-10,INV-V-0516,INV-2024-0082,34000.00
RC-2024-06-0035,RC-2024-0036,sub-2-1,2024-06,2024-06-09,INV-V-0520,INV-2024-0086,39250.00
RC-2024-06-0036,RC-2024-0037,sub-init-5,2024-06,2024-06-08,INV-S-0014,INV-2024-0015,4225.00
RC-2024-06-0037,RC-2024-0038,sub-4-0,2024-06,2024-06-07,INV-S-0024,INV-2024-0025,68100.00
RC-2024-06-0038,RC-2024-0039,sub-init-7,2024-06,2024-06-14,INV-S-0022,INV-2024-0023,47300.00
RC-2024-06-0039,RC-2024-0040,sub-4-1,2024-06,2024-06-09,INV-S-0025,INV-2024-0026,58590.93
RC-2024-07-0040,RC-2024-0041,sub-4-1,2024-07,2024-07-21,INV-S-0025,INV-2024-0026,71709.07
RC-2024-07-0041,RC-2024-0042,sub-4-2,2024-07,2024-07-15,INV-S-0026,INV-2024-0027,54050.00
RC-2024-07-0042,RC-2024-0043,sub-init-19,2024-07,2024-07-19,INV-S-0023,INV-2024-0024,36750.00
RC-2024-07-0043,RC-2024-0044,sub-3-0,2024-07,2024-07-21,INV-V-0524,INV-2024-0090,41500.00
RC-2024-07-0044,RC-2024-0045,sub-init-1,2024-07,2024-07-24,INV-S-0020,INV-2024-0021,28075.00
RC-2024-07-0045,RC-2024-0046,sub-0-0,2024-07,2024-07-10,INV-V-0517,INV-2024-0083,34000.00
RC-2024-07-0046,RC-2024-0047,sub-2-1,2024-07,2024-07-09,INV-V-0521,INV-2024-0087,39250.00
RC-2024-07-0047,RC-2024-0048,sub-init-6,2024-07,2024-07-13,INV-S-0028,INV-2024-0029,58750.00
RC-2024-07-0048,RC-2024-0049,sub-1-0,2024-07,2024-07-12,INV-S-0027,INV-2024-0028,8700.00
RC-2024-07-0049,RC-2024-0050,sub-5-0,2024-07,2024-07-17,INV-S-0030,INV-2024-0031,70950.00
RC-2024-07-0050,RC-2024-0051,sub-5-1,2024-07,2024-07-16,INV-S-0031,INV-2024-0032,56700.00
RC-2024-07-0051,RC-2024-0052,sub-5-2,2024-07,2024-07-12,INV-S-0032,INV-2024-0033,18706.26
RC-2024-08-0052,RC-2024-0053,sub-5-2,2024-08,2024-08-08,INV-S-0032,INV-2024-0033,25843.74
RC-2024-08-0053,RC-2024-0054,sub-init-18,2024-08,2024-08-15,INV-S-0029,INV-2024-0030,43900.00
RC-2024-08-0054,RC-2024-0055,sub-4-2,2024-08,2024-08-15,INV-V-0534,INV-2024-0100,7500.00
RC-2024-08-0055,RC-2024-0056,sub-3-0,2024-08,2024-08-11,INV-V-0525,INV-2024-0091,41500.00
RC-2024-08-0056,RC-2024-0057,sub-4-0,2024-08,2024-08-02,INV-V-0528,INV-2024-0094,9500.00
RC-2024-08-0057,RC-2024-0058,sub-2-1,2024-08,2024-08-09,INV-V-0522,INV-2024-0088,39250.00
RC-2024-08-0058,RC-2024-0059,sub-4-1,2024-08,2024-08-04,INV-V-0530,INV-2024-0096,22500.00
RC-2024-08-0059,RC-2024-0060,sub-init-15,2024-08,2024-08-22,INV-S-0034,INV-2024-0035,1033.33
RC-2024-08-0060,RC-2024-0061,sub-2-0,2024-08,2024-08-22,INV-S-0035,INV-2024-0036,7300.00
RC-2024-08-0061,RC-2024-0062,sub-init-17,2024-08,2024-08-26,INV-S-0037,INV-2024-0038,70050.00
RC-2024-08-0062,RC-2024-0063,sub-6-0,2024-08,2024-08-15,INV-S-0038,INV-2024-0039,34850.00
RC-2024-08-0063,RC-2024-0064,sub-6-1,2024-08,2024-08-22,INV-S-0039,INV-2024-0040,84287.71
RC-2024-09-0064,RC-2024-0065,sub-6-1,2024-09,2024-09-24,INV-S-0039,INV-2024-0040,66762.29
RC-2024-09-0065,RC-2024-0066,sub-6-2,2024-09,2024-09-11,INV-S-0040,INV-2024-0041,44000.00
RC-2024-09-0066,RC-2024-0067,sub-4-2,2024-09,2024-09-17,INV-V-0535,INV-2024-0101,7500.00
RC-2024-09-0067,RC-2024-0068,sub-3-0,2024-09,2024-09-13,INV-V-0526,INV-2024-0092,41500.00
RC-2024-09-0068,RC-2024-0069,sub-init-1,2024-09,2024-09-17,INV-S-0033,INV-2024-0034,13900.00
RC-2024-09-0069,RC-2024-0070,sub-4-0,2024-09,2024-09-01,INV-V-0529,INV-2024-0095,9500.00
RC-2024-09-0070,RC-2024-0071,sub-5-1,2024-09,2024-09-20,INV-V-0536,INV-2024-0102,8000.00
RC-2024-09-0071,RC-2024-0072,sub-2-1,2024-09,2024-09-08,INV-V-0523,INV-2024-0089,39250.00
RC-2024-09-0072,RC-2024-0073,sub-4-1,2024-09,2024-09-03,INV-V-0531,INV-2024-0097,22500.00
RC-2024-09-0073,RC-2024-0074,sub-5-2,2024-09,2024-09-22,INV-V-0538,INV-2024-0104,6000.00
RC-2024-09-0074,RC-2024-0075,sub-init-5,2024-09,2024-09-07,INV-S-0036,INV-2024-0037,74150.00
RC-2024-09-0075,RC-2024-0076,sub-7-1,2024-09,2024-09-21,INV-S-0048,INV-2024-0049,44750.00
RC-2024-09-0076,RC-2024-0077,sub-4-1,2024-09,2024-09-09,INV-S-0043,INV-2024-0044,27000.00
RC-2024-09-0077,RC-2024-0078,sub-7-2,2024-09,2024-09-23,INV-S-0049,INV-2024-0050,48500.00
RC-2024-09-0078,RC-2024-0079,sub-4-2,2024-09,2024-09-11,INV-S-0044,INV-2024-0045,10500.00
RC-2024-09-0079,RC-2024-0080,sub-init-16,2024-09,2024-09-24,INV-S-0046,INV-2024-0047,69300.00
RC-2024-09-0080,RC-2024-0081,sub-6-0,2024-09,2024-09-24,INV-V-0540,INV-2024-0106,5000.00
RC-2024-09-0081,RC-2024-0082,sub-3-0,2024-09,2024-09-27,INV-V-0527,INV-2024-0093,41500.00
RC-2024-09-0082,RC-2024-0083,sub-6-1,2024-09,2024-09-25,INV-V-0542,INV-2024-0108,26000.00
RC-2024-09-0083,RC-2024-0084,sub-init-3,2024-09,2024-09-15,INV-S-0042,INV-2024-0043,1758.33
RC-2024-09-0084,RC-2024-0085,sub-5-1,2024-09,2024-09-12,INV-V-0537,INV-2024-0103,8000.00
RC-2024-09-0085,RC-2024-0086,sub-init-4,2024-09,2024-09-16,INV-S-0045,INV-2024-0046,54650.00
RC-2024-09-0086,RC-2024-0087,sub-4-1,2024-09,2024-09-17,INV-V-0532,INV-2024-0098,22500.00
RC-2024-09-0087,RC-2024-0088,sub-5-2,2024-09,2024-09-19,INV-V-0539,INV-2024-0105,6000.00
RC-2024-09-0088,RC-2024-0089,sub-7-0,2024-09,2024-09-19,INV-S-0047,INV-2024-0048,59250.00
RC-2024-09-0089,RC-2024-0090,sub-8-0,2024-09,2024-09-10,INV-S-0054,INV-2024-0055,35850.00
RC-2024-09-0090,RC-2024-0091,sub-8-1,2024-09,2024-09-17,INV-S-0055,INV-2024-0056,276837.29
RC-2024-10-0091,RC-2024-0092,sub-8-1,2024-10,2024-10-24,INV-S-0055,INV-2024-0056,544012.71
RC-2024-10-0092,RC-2024-0093,sub-init-15,2024-10,2024-10-23,INV-S-0053,INV-2024-0054,50750.00
RC-2024-10-0093,RC-2024-0094,sub-8-2,2024-10,2024-10-26,INV-S-0056,INV-2024-0057,53900.00
RC-2024-10-0094,RC-2024-0095,sub-init-16,2024-10,2024-10-25,INV-S-0051,INV-2024-0052,3207.54
RC-2024-11-0095,RC-2024-0096,sub-init-16,2024-11,2024-11-17,INV-S-0051,INV-2024-0052,12604.96
RC-2024-11-0096,RC-2024-0097,sub-6-0,2024-11,2024-11-09,INV-V-0541,INV-2024-0107,5000.00
RC-2024-11-0097,RC-2024-0098,sub-6-1,2024-11,2024-11-23,INV-V-0543,INV-2024-0109,26000.00
RC-2024-11-0098,RC-2024-0099,sub-init-3,2024-11,2024-11-04,INV-S-0052,INV-2024-0053,170150.00
RC-2024-11-0099,RC-2024-0100,sub-7-1,2024-11,2024-11-16,INV-V-0546,INV-2024-0112,6500.00
RC-2024-11-0100,RC-2024-0101,sub-4-1,2024-11,2024-11-04,INV-V-0533,INV-2024-0099,22500.00
RC-2024-11-0101,RC-2024-0102,sub-7-2,2024-11,2024-11-18,INV-V-0548,INV-2024-0114,7000.00
RC-2024-11-0102,RC-2024-0103,sub-init-6,2024-11,2024-11-12,INV-S-0057,INV-2024-0058,10533.33
RC-2024-11-0103,RC-2024-0104,sub-init-14,2024-11,2024-11-20,INV-S-0060,INV-2024-0061,74200.00
RC-2024-11-0104,RC-2024-0105,sub-9-0,2024-11,2024-11-11,INV-S-0061,INV-2024-0062,170200.00
RC-2024-11-0105,RC-2024-0106,sub-9-1,2024-11,2024-11-14,INV-S-0062,INV-2024-0063,196300.00
RC-2024-11-0106,RC-2024-0107,sub-9-2,2024-11,2024-11-22,INV-S-0063,INV-2024-0064,63200.00
RC-2024-11-0107,RC-2024-0108,sub-6-1,2024-11,2024-11-25,INV-V-0544,INV-2024-0110,26000.00
RC-2024-11-0108,RC-2024-0109,sub-8-0,2024-11,2024-11-13,INV-V-0550,INV-2024-0116,5000.00
RC-2024-11-0109,RC-2024-0110,sub-init-2,2024-11,2024-11-11,INV-S-0059,INV-2024-0060,52050.00
RC-2024-11-0110,RC-2024-0111,sub-8-1,2024-11,2024-11-12,INV-V-0552,INV-2024-0118,61500.00
RC-2024-11-0111,RC-2024-0112,sub-7-1,2024-11,2024-11-13,INV-V-0547,INV-2024-0113,6500.00
RC-2024-11-0112,RC-2024-0113,sub-7-2,2024-11,2024-11-13,INV-V-0549,INV-2024-0115,7000.00
RC-2024-11-0113,RC-2024-0114,sub-7-1,2024-11,2024-11-10,INV-S-0065,INV-2024-0066,7575.00
RC-2024-11-0114,RC-2024-0115,sub-init-13,2024-11,2024-11-19,INV-S-0068,INV-2024-0069,986650.00
RC-2024-11-0115,RC-2024-0116,sub-init-25,2024-11,2024-11-21,INV-S-0069,INV-2024-0070,728700.00
RC-2024-11-0116,RC-2024-0117,sub-10-0,2024-11,2024-11-10,INV-S-0070,INV-2024-0071,67700.00
RC-2024-11-0117,RC-2024-0118,sub-10-1,2024-11,2024-11-12,INV-S-0071,INV-2024-0072,391449.94
RC-2024-12-0118,RC-2024-0119,sub-10-1,2024-12,2024-12-19,INV-S-0071,INV-2024-0072,739800.06
RC-2024-12-0119,RC-2024-0120,sub-10-2,2024-12,2024-12-23,INV-S-0072,INV-2024-0073,157600.00
RC-2024-12-0120,RC-2024-0121,sub-9-2,2024-12,2024-12-16,INV-S-0066,INV-2024-0067,6600.00
RC-2024-12-0121,RC-2024-0122,sub-9-1,2024-12,2024-12-19,INV-V-0568,INV-2024-0123,33750.00
RC-2024-12-0122,RC-2024-0123,sub-6-1,2024-12,2024-12-26,INV-V-0545,INV-2024-0111,26000.00
RC-2024-12-0123,RC-2024-0124,sub-init-1,2024-12,2024-12-31,INV-S-0067,INV-2024-0068,138231.24
RC-2025-01-0124,RC-2025-0001,sub-init-1,2025-01,2025-01-17,INV-S-0067,INV-2024-0068,161168.76
RC-2025-01-0125,RC-2025-0002,sub-8-0,2025-01,2025-01-06,INV-V-0551,INV-2024-0117,5000.00
RC-2025-01-0126,RC-2025-0003,sub-8-1,2025-01,2025-01-08,INV-V-0553,INV-2024-0119,61500.00
RC-2025-01-0127,RC-2025-0004,sub-9-0,2025-01,2025-01-11,INV-V-0561,INV-2024-0121,29250.00
RC-2025-01-0128,RC-2025-0005,sub-init-12,2025-01,2025-01-16,INV-S-0074,INV-2024-0075,37050.00
RC-2025-01-0129,RC-2025-0006,sub-init-24,2025-01,2025-01-29,INV-S-0075,INV-2024-0076,245650.00
RC-2025-01-0130,RC-2025-0007,sub-9-1,2025-01,2025-01-20,INV-V-0569,INV-2024-0124,27960.55
RC-2025-01-0131,RC-2025-0008,sub-init-0,2025-01,2025-01-28,INV-S-0073,INV-2024-0074,255750.00
RC-2025-01-0132,RC-2025-0009,sub-11-0,2025-01,2025-01-23,INV-S-0076,INV-2024-0077,68810.07
RC-2025-02-0133,RC-2025-0010,sub-11-0,2025-02,2025-02-04,INV-S-0076,INV-2024-0077,56439.93
RC-2025-02-0134,RC-2025-0011,sub-11-1,2025-02,2025-02-06,INV-S-0077,INV-2024-0078,224650.00
RC-2025-02-0135,RC-2025-0012,sub-11-2,2025-02,2025-02-08,INV-S-0078,INV-2024-0079,56100.00
RC-2025-02-0136,RC-2025-0013,sub-8-1,2025-02,2025-02-07,INV-V-0554,INV-2024-0120,50950.33
RC-2025-02-0137,RC-2025-0014,sub-10-1,2025-02,2025-02-15,INV-V-0575,INV-2024-0125,70281.08
RC-2025-02-0138,RC-2025-0015,sub-9-0,2025-02,2025-02-10,INV-V-0562,INV-2024-0122,24232.48
RC-2025-02-0139,RC-2025-0016,sub-10-2,2025-02,2025-02-17,INV-V-0583,INV-2024-0126,22575.55
RC-2025-02-0140,RC-2025-0017,sub-12-0,2025-02,2025-02-18,INV-S-0082,INV-2025-0004,13998.71
RC-2025-03-0141,RC-2025-0018,sub-12-0,2025-03,2025-03-18,INV-S-0082,INV-2025-0004,184851.29
RC-2025-03-0142,RC-2025-0019,sub-12-1,2025-03,2025-03-17,INV-S-0083,INV-2025-0005,63400.00
RC-2025-03-0143,RC-2025-0020,sub-12-2,2025-03,2025-03-12,INV-S-0084,INV-2025-0006,34750.00
RC-2025-03-0144,RC-2025-0021,sub-init-11,2025-03,2025-03-21,INV-S-0079,INV-2025-0001,168800.00
RC-2025-03-0145,RC-2025-0022,sub-0-0,2025-03,2025-03-09,INV-S-0080,INV-2025-0002,197400.00
RC-2025-03-0146,RC-2025-0023,sub-0-1,2025-03,2025-03-11,INV-S-0081,INV-2025-0003,61350.00
RC-2025-03-0147,RC-2025-0024,sub-9-1,2025-03,2025-03-09,INV-V-0570,INV-2025-0153,21700.38
RC-2025-03-0148,RC-2025-0025,sub-11-0,2025-03,2025-03-08,INV-V-0590,INV-2025-0171,13823.95
RC-2025-03-0149,RC-2025-0026,sub-8-1,2025-03,2025-03-10,INV-V-0555,INV-2025-0142,39542.92
RC-2025-03-0150,RC-2025-0027,sub-11-1,2025-03,2025-03-10,INV-V-0597,INV-2025-0178,5382.83
RC-2025-04-0151,RC-2025-0028,sub-11-1,2025-04,2025-04-20,INV-V-0597,INV-2025-0178,19532.42
RC-2025-04-0152,RC-2025-0029,sub-10-1,2025-04,2025-04-21,INV-V-0576,INV-2025-0158,54545.65
RC-2025-04-0153,RC-2025-0030,sub-11-2,2025-04,2025-04-14,INV-V-0604,INV-2025-0185,5143.79
RC-2025-04-0154,RC-2025-0031,sub-9-0,2025-04,2025-04-14,INV-V-0563,INV-2025-0148,18807.00
RC-2025-04-0155,RC-2025-0032,sub-10-2,2025-04,2025-04-11,INV-V-0584,INV-2025-0165,17521.05
RC-2025-04-0156,RC-2025-0033,sub-1-0,2025-04,2025-04-17,INV-S-0086,INV-2025-0008,58750.00
RC-2025-04-0157,RC-2025-0034,sub-1-1,2025-04,2025-04-11,INV-S-0087,INV-2025-0009,50850.00
RC-2025-04-0158,RC-2025-0035,sub-init-22,2025-04,2025-04-17,INV-S-0085,INV-2025-0007,57950.00
RC-2025-04-0159,RC-2025-0036,sub-13-0,2025-04,2025-04-14,INV-S-0088,INV-2025-0010,38200.00
RC-2025-04-0160,RC-2025-0037,sub-13-1,2025-04,2025-04-15,INV-S-0089,INV-2025-0011,68550.00
RC-2025-04-0161,RC-2025-0038,sub-13-2,2025-04,2025-04-21,INV-S-0090,INV-2025-0012,57600.00
RC-2025-04-0162,RC-2025-0039,sub-9-1,2025-04,2025-04-09,INV-V-0571,INV-2025-0154,21971.42
RC-2025-04-0163,RC-2025-0040,sub-12-2,2025-04,2025-04-11,INV-V-0616,INV-2025-0197,3255.03
RC-2025-04-0164,RC-2025-0041,sub-11-0,2025-04,2025-04-08,INV-V-0591,INV-2025-0172,13996.61
RC-2025-04-0165,RC-2025-0042,sub-8-1,2025-04,2025-04-10,INV-V-0556,INV-2025-0143,40036.81
RC-2025-04-0166,RC-2025-0043,sub-11-1,2025-04,2025-04-10,INV-V-0598,INV-2025-0179,25226.45
RC-2025-04-0167,RC-2025-0044,sub-10-1,2025-04,2025-04-18,INV-V-0577,INV-2025-0159,55226.93
RC-2025-04-0168,RC-2025-0045,sub-11-2,2025-04,2025-04-12,INV-V-0605,INV-2025-0186,5208.04
RC-2025-04-0169,RC-2025-0046,sub-9-0,2025-04,2025-04-13,INV-V-0564,INV-2025-0149,19041.90
RC-2025-04-0170,RC-2025-0047,sub-10-2,2025-04,2025-04-20,INV-V-0585,INV-2025-0166,17739.89
RC-2025-04-0171,RC-2025-0048,sub-12-0,2025-04,2025-04-13,INV-V-0610,INV-2025-0191,22296.92
RC-2025-04-0172,RC-2025-0049,sub-init-9,2025-04,2025-04-18,INV-S-0092,INV-2025-0014,38950.00
RC-2025-04-0173,RC-2025-0050,sub-init-21,2025-04,2025-04-23,INV-S-0093,INV-2025-0015,37750.00
RC-2025-04-0174,RC-2025-0051,sub-2-0,2025-04,2025-04-22,INV-S-0094,INV-2025-0016,47900.00
RC-2025-04-0175,RC-2025-0052,sub-2-1,2025-04,2025-04-24,INV-S-0095,INV-2025-0017,226950.00
RC-2025-04-0176,RC-2025-0053,sub-14-0,2025-04,2025-04-10,INV-S-0096,INV-2025-0018,63196.32
RC-2025-05-0177,RC-2025-0054,sub-14-0,2025-05,2025-05-01,INV-S-0096,INV-2025-0018,102453.68
RC-2025-05-0178,RC-2025-0055,sub-9-1,2025-05,2025-05-07,INV-V-0572,INV-2025-0155,19312.98
RC-2025-05-0179,RC-2025-0056,sub-14-1,2025-05,2025-05-03,INV-S-0097,INV-2025-0019,50550.00
RC-2025-05-0180,RC-2025-0057,sub-12-2,2025-05,2025-05-09,INV-V-0617,INV-2025-0198,3260.38
RC-2025-05-0181,RC-2025-0058,sub-14-2,2025-05,2025-05-05,INV-S-0098,INV-2025-0020,60400.00
RC-2025-05-0182,RC-2025-0059,sub-11-0,2025-05,2025-05-06,INV-V-0592,INV-2025-0173,14019.65
RC-2025-05-0183,RC-2025-0060,sub-8-1,2025-05,2025-05-08,INV-V-0557,INV-2025-0144,40102.73
RC-2025-05-0184,RC-2025-0061,sub-11-1,2025-05,2025-05-08,INV-V-0599,INV-2025-0180,25267.98
RC-2025-05-0185,RC-2025-0062,sub-13-1,2025-05,2025-05-03,INV-V-0621,INV-2025-0202,6194.73
RC-2025-05-0186,RC-2025-0063,sub-10-1,2025-05,2025-05-16,INV-V-0578,INV-2025-0160,55317.86
RC-2025-05-0187,RC-2025-0064,sub-11-2,2025-05,2025-05-10,INV-V-0606,INV-2025-0187,3683.04
RC-2025-05-0188,RC-2025-0065,sub-9-0,2025-05,2025-05-11,INV-V-0565,INV-2025-0150,16737.92
RC-2025-05-0189,RC-2025-0066,sub-10-2,2025-05,2025-05-18,INV-V-0586,INV-2025-0167,17769.10
RC-2025-05-0190,RC-2025-0067,sub-12-0,2025-05,2025-05-11,INV-V-0611,INV-2025-0192,22333.63
RC-2025-05-0191,RC-2025-0068,sub-init-8,2025-05,2025-05-17,INV-S-0099,INV-2025-0021,49100.00
RC-2025-05-0192,RC-2025-0069,sub-15-0,2025-05,2025-05-06,INV-S-0104,INV-2025-0026,61600.00
RC-2025-05-0193,RC-2025-0070,sub-15-1,2025-05,2025-05-08,INV-S-0105,INV-2025-0027,66050.00
RC-2025-05-0194,RC-2025-0071,sub-15-2,2025-05,2025-05-10,INV-S-0106,INV-2025-0028,36450.00
RC-2025-05-0195,RC-2025-0072,sub-15-3,2025-05,2025-05-12,INV-S-0107,INV-2025-0029,165700.00
RC-2025-05-0196,RC-2025-0073,sub-init-20,2025-05,2025-05-22,INV-S-0100,INV-2025-0022,194600.00
RC-2025-05-0197,RC-2025-0074,sub-3-0,2025-05,2025-05-25,INV-S-0101,INV-2025-0023,29615.92
RC-2025-06-0198,RC-2025-0075,sub-3-0,2025-06,2025-06-22,INV-S-0101,INV-2025-0023,210634.08
RC-2025-06-0199,RC-2025-0076,sub-3-1,2025-06,2025-06-12,INV-S-0102,INV-2025-0024,43050.00
RC-2025-06-0200,RC-2025-0077,sub-3-2,2025-06,2025-06-19,INV-S-0103,INV-2025-0025,39000.00
RC-2025-06-0201,RC-2025-0078,sub-9-1,2025-06,2025-06-07,INV-V-0573,INV-2025-0156,7688.03
RC-2025-06-0202,RC-2025-0079,sub-12-2,2025-06,2025-06-09,INV-V-0618,INV-2025-0199,2599.76
RC-2025-06-0203,RC-2025-0080,sub-14-0,2025-06,2025-06-02,INV-V-0625,INV-2025-0206,21263.09
RC-2025-06-0204,RC-2025-0081,sub-11-0,2025-06,2025-06-06,INV-V-0593,INV-2025-0174,16040.58
RC-2025-06-0205,RC-2025-0082,sub-14-1,2025-06,2025-06-04,INV-V-0630,INV-2025-0211,5222.51
RC-2025-06-0206,RC-2025-0083,sub-8-1,2025-06,2025-06-08,INV-V-0558,INV-2025-0145,45883.51
RC-2025-06-0207,RC-2025-0084,sub-11-1,2025-06,2025-06-08,INV-V-0600,INV-2025-0181,28910.34
RC-2025-06-0208,RC-2025-0085,sub-13-1,2025-06,2025-06-03,INV-V-0622,INV-2025-0203,7087.70
RC-2025-06-0209,RC-2025-0086,sub-10-1,2025-06,2025-06-16,INV-V-0579,INV-2025-0161,63291.88
RC-2025-06-0210,RC-2025-0087,sub-11-2,2025-06,2025-06-10,INV-V-0607,INV-2025-0188,1466.13
RC-2025-06-0211,RC-2025-0088,sub-9-0,2025-06,2025-06-11,INV-V-0566,INV-2025-0151,6662.96
RC-2025-06-0212,RC-2025-0089,sub-10-2,2025-06,2025-06-18,INV-V-0587,INV-2025-0168,20330.50
RC-2025-06-0213,RC-2025-0090,sub-12-0,2025-06,2025-06-11,INV-V-0612,INV-2025-0193,25553.01
RC-2025-06-0214,RC-2025-0091,sub-4-0,2025-06,2025-06-07,INV-S-0116,INV-2025-0038,68100.00
RC-2025-06-0215,RC-2025-0092,sub-1-0,2025-06,2025-06-11,INV-S-0108,INV-2025-0030,6000.00
RC-2025-06-0216,RC-2025-0093,sub-init-7,2025-06,2025-06-14,INV-S-0114,INV-2025-0036,47300.00
RC-2025-06-0217,RC-2025-0094,sub-4-1,2025-06,2025-06-09,INV-S-0117,INV-2025-0039,166300.00
RC-2025-06-0218,RC-2025-0095,sub-4-2,2025-06,2025-06-11,INV-S-0118,INV-2025-0040,68050.00
RC-2025-06-0219,RC-2025-0096,sub-12-1,2025-06,2025-06-20,INV-S-0112,INV-2025-0034,8866.67
RC-2025-06-0220,RC-2025-0097,sub-16-0,2025-06,2025-06-16,INV-S-0119,INV-2025-0041,99853.09
RC-2025-07-0221,RC-2025-0098,sub-16-0,2025-07,2025-07-17,INV-S-0119,INV-2025-0041,152496.91
RC-2025-07-0222,RC-2025-0099,sub-16-1,2025-07,2025-07-19,INV-S-0120,INV-2025-0042,62800.00
RC-2025-07-0223,RC-2025-0100,sub-16-2,2025-07,2025-07-23,INV-S-0121,INV-2025-0043,43250.00
RC-2025-07-0224,RC-2025-0101,sub-init-19,2025-07,2025-07-18,INV-S-0115,INV-2025-0037,36750.00
RC-2025-07-0225,RC-2025-0102,sub-16-3,2025-07,2025-07-18,INV-S-0122,INV-2025-0044,65450.00
RC-2025-07-0226,RC-2025-0103,sub-10-2,2025-07,2025-07-07,INV-S-0111,INV-2025-0033,8175.00
RC-2025-07-0227,RC-2025-0104,sub-3-0,2025-07,2025-07-11,INV-S-0109,INV-2025-0031,30937.50
RC-2025-07-0228,RC-2025-0105,sub-3-2,2025-07,2025-07-10,INV-S-0110,INV-2025-0032,9395.83
RC-2025-07-0229,RC-2025-0106,sub-9-1,2025-07,2025-07-07,INV-V-0574,INV-2025-0157,2616.63
RC-2025-07-0230,RC-2025-0107,sub-15-2,2025-07,2025-07-18,INV-V-0634,INV-2025-0215,4160.25
RC-2025-07-0231,RC-2025-0108,sub-12-2,2025-07,2025-07-09,INV-V-0619,INV-2025-0200,736.22
RC-2025-07-0232,RC-2025-0109,sub-14-0,2025-07,2025-07-02,INV-V-0626,INV-2025-0207,23713.40
RC-2025-07-0233,RC-2025-0110,sub-15-3,2025-07,2025-07-11,INV-V-0637,INV-2025-0218,23713.40
RC-2025-07-0234,RC-2025-0111,sub-11-0,2025-07,2025-07-06,INV-V-0594,INV-2025-0175,17889.06
RC-2025-07-0235,RC-2025-0112,sub-14-1,2025-07,2025-07-04,INV-V-0631,INV-2025-0212,5824.34
RC-2025-07-0236,RC-2025-0113,sub-8-1,2025-07,2025-07-08,INV-V-0559,INV-2025-0146,24531.88
RC-2025-07-0237,RC-2025-0114,sub-11-1,2025-07,2025-07-08,INV-V-0601,INV-2025-0182,32241.90
RC-2025-07-0238,RC-2025-0115,sub-13-1,2025-07,2025-07-03,INV-V-0623,INV-2025-0204,4757.30
RC-2025-07-0239,RC-2025-0116,sub-10-1,2025-07,2025-07-16,INV-V-0580,INV-2025-0162,70585.50
RC-2025-07-0240,RC-2025-0117,sub-11-2,2025-07,2025-07-10,INV-V-0608,INV-2025-0189,415.19
RC-2025-07-0241,RC-2025-0118,sub-9-0,2025-07,2025-07-11,INV-V-0567,INV-2025-0152,2267.75
RC-2025-07-0242,RC-2025-0119,sub-10-2,2025-07,2025-07-18,INV-V-0588,INV-2025-0169,10869.82
RC-2025-07-0243,RC-2025-0120,sub-12-0,2025-07,2025-07-11,INV-V-0613,INV-2025-0194,28497.68
RC-2025-07-0244,RC-2025-0121,sub-7-1,2025-07,2025-07-22,INV-S-0126,INV-2025-0048,1516.67
RC-2025-07-0245,RC-2025-0122,sub-init-6,2025-07,2025-07-13,INV-S-0128,INV-2025-0050,74550.00
RC-2025-07-0246,RC-2025-0123,sub-1-0,2025-07,2025-07-12,INV-S-0125,INV-2025-0047,10200.00
RC-2025-07-0247,RC-2025-0124,sub-init-14,2025-07,2025-07-21,INV-S-0124,INV-2025-0046,7333.33
RC-2025-07-0248,RC-2025-0125,sub-5-1,2025-07,2025-07-12,INV-S-0130,INV-2025-0052,56700.00
RC-2025-07-0249,RC-2025-0126,sub-5-2,2025-07,2025-07-13,INV-S-0131,INV-2025-0053,40350.00
RC-2025-07-0250,RC-2025-0127,sub-init-18,2025-07,2025-07-29,INV-S-0129,INV-2025-0051,5095.62
RC-2025-08-0251,RC-2025-0128,sub-init-18,2025-08,2025-08-24,INV-S-0129,INV-2025-0051,38804.38
RC-2025-08-0252,RC-2025-0129,sub-16-3,2025-08,2025-08-22,INV-S-0127,INV-2025-0049,17050.00
RC-2025-08-0253,RC-2025-0130,sub-17-0,2025-08,2025-08-13,INV-S-0132,INV-2025-0054,45350.00
RC-2025-08-0254,RC-2025-0131,sub-17-1,2025-08,2025-08-15,INV-S-0133,INV-2025-0055,53300.00
RC-2025-08-0255,RC-2025-0132,sub-15-2,2025-08,2025-08-11,INV-V-0635,INV-2025-0216,4606.22
RC-2025-08-0256,RC-2025-0133,sub-init-0,2025-08,2025-08-14,INV-S-0123,INV-2025-0045,23575.00
RC-2025-08-0257,RC-2025-0134,sub-17-2,2025-08,2025-08-17,INV-S-0134,INV-2025-0056,260100.00
RC-2025-08-0258,RC-2025-0135,sub-12-2,2025-08,2025-08-09,INV-V-0620,INV-2025-0201,148.61
RC-2025-08-0259,RC-2025-0136,sub-14-0,2025-08,2025-08-02,INV-V-0627,INV-2025-0208,26255.44
RC-2025-08-0260,RC-2025-0137,sub-15-3,2025-08,2025-08-15,INV-V-0638,INV-2025-0219,26255.44
RC-2025-08-0261,RC-2025-0138,sub-16-0,2025-08,2025-08-11,INV-V-0642,INV-2025-0223,40074.09
RC-2025-08-0262,RC-2025-0139,sub-17-3,2025-08,2025-08-19,INV-S-0135,INV-2025-0057,207700.00
RC-2025-08-0263,RC-2025-0140,sub-11-0,2025-08,2025-08-06,INV-V-0595,INV-2025-0176,9424.47
RC-2025-08-0264,RC-2025-0141,sub-14-1,2025-08,2025-08-04,INV-V-0632,INV-2025-0213,2720.56
RC-2025-08-0265,RC-2025-0142,sub-8-1,2025-08,2025-08-08,INV-V-0560,INV-2025-0147,4951.81
RC-2025-08-0266,RC-2025-0143,sub-11-1,2025-08,2025-08-08,INV-V-0602,INV-2025-0183,16985.96
RC-2025-08-0267,RC-2025-0144,sub-13-1,2025-08,2025-08-03,INV-V-0624,INV-2025-0205,960.27
RC-2025-08-0268,RC-2025-0145,sub-10-1,2025-08,2025-08-16,INV-V-0581,INV-2025-0163,78152.16
RC-2025-08-0269,RC-2025-0146,sub-11-2,2025-08,2025-08-10,INV-V-0609,INV-2025-0190,83.81
RC-2025-08-0270,RC-2025-0147,sub-16-3,2025-08,2025-08-03,INV-V-0647,INV-2025-0228,8291.19
RC-2025-08-0271,RC-2025-0148,sub-10-2,2025-08,2025-08-18,INV-V-0589,INV-2025-0170,2194.10
RC-2025-08-0272,RC-2025-0149,sub-12-0,2025-08,2025-08-11,INV-V-0614,INV-2025-0195,31552.59
RC-2025-08-0273,RC-2025-0150,sub-7-1,2025-08,2025-08-21,INV-S-0137,INV-2025-0059,1491.67
RC-2025-08-0274,RC-2025-0151,sub-18-0,2025-08,2025-08-17,INV-S-0143,INV-2025-0065,67900.00
RC-2025-08-0275,RC-2025-0152,sub-18-1,2025-08,2025-08-19,INV-S-0144,INV-2025-0066,50600.00
RC-2025-08-0276,RC-2025-0153,sub-18-2,2025-08,2025-08-21,INV-S-0145,INV-2025-0067,56450.00
RC-2025-08-0277,RC-2025-0154,sub-18-3,2025-08,2025-08-07,INV-S-0146,INV-2025-0068,62000.00
RC-2025-08-0278,RC-2025-0155,sub-init-24,2025-08,2025-08-29,INV-S-0136,INV-2025-0058,17208.33
RC-2025-08-0279,RC-2025-0156,sub-init-17,2025-08,2025-08-26,INV-S-0139,INV-2025-0061,70050.00
RC-2025-08-0280,RC-2025-0157,sub-6-0,2025-08,2025-08-12,INV-S-0140,INV-2025-0062,40350.00
RC-2025-08-0281,RC-2025-0158,sub-6-1,2025-08,2025-08-22,INV-S-0141,INV-2025-0063,151050.00
RC-2025-08-0282,RC-2025-0159,sub-6-2,2025-08,2025-08-24,INV-S-0142,INV-2025-0064,44000.00
RC-2025-08-0283,RC-2025-0160,sub-15-2,2025-08,2025-08-26,INV-V-0636,INV-2025-0217,1233.54
RC-2025-08-0284,RC-2025-0161,sub-14-0,2025-08,2025-08-10,INV-V-0628,INV-2025-0209,28500.00
RC-2025-08-0285,RC-2025-0162,sub-15-3,2025-08,2025-08-28,INV-V-0639,INV-2025-0220,28500.00
RC-2025-08-0286,RC-2025-0163,sub-16-0,2025-08,2025-08-27,INV-V-0643,INV-2025-0224,3477.90
RC-2025-09-0287,RC-2025-0164,sub-16-0,2025-09,2025-09-10,INV-V-0643,INV-2025-0224,40022.10
RC-2025-09-0288,RC-2025-0165,sub-11-0,2025-09,2025-09-05,INV-V-0596,INV-2025-0177,805.69
RC-2025-09-0289,RC-2025-0166,sub-14-1,2025-09,2025-09-03,INV-V-0633,INV-2025-0214,232.58
RC-2025-09-0290,RC-2025-0167,sub-17-2,2025-09,2025-09-17,INV-V-0652,INV-2025-0233,44750.00
RC-2025-09-0291,RC-2025-0168,sub-11-1,2025-09,2025-09-07,INV-V-0603,INV-2025-0184,1452.12
RC-2025-09-0292,RC-2025-0169,sub-17-3,2025-09,2025-09-19,INV-V-0656,INV-2025-0237,35750.00
RC-2025-09-0293,RC-2025-0170,sub-10-1,2025-09,2025-09-15,INV-V-0582,INV-2025-0164,61598.93
RC-2025-09-0294,RC-2025-0171,sub-16-3,2025-09,2025-09-02,INV-V-0648,INV-2025-0229,9000.00
RC-2025-09-0295,RC-2025-0172,sub-17-0,2025-09,2025-09-17,INV-V-0650,INV-2025-0231,6500.00
RC-2025-09-0296,RC-2025-0173,sub-12-0,2025-09,2025-09-10,INV-V-0615,INV-2025-0196,6766.16
RC-2025-09-0297,RC-2025-0174,sub-init-5,2025-09,2025-09-07,INV-S-0138,INV-2025-0060,74150.00
RC-2025-09-0298,RC-2025-0175,sub-7-1,2025-09,2025-09-21,INV-S-0154,INV-2025-0076,98500.00
RC-2025-09-0299,RC-2025-0176,sub-7-2,2025-09,2025-09-23,INV-S-0155,INV-2025-0077,48500.00
RC-2025-09-0300,RC-2025-0177,sub-8-0,2025-09,2025-09-21,INV-S-0149,INV-2025-0071,450.00
RC-2025-09-0301,RC-2025-0178,sub-init-22,2025-09,2025-09-25,INV-S-0147,INV-2025-0069,4600.00
RC-2025-09-0302,RC-2025-0179,sub-19-0,2025-09,2025-09-28,INV-S-0156,INV-2025-0078,636500.00
RC-2025-09-0303,RC-2025-0180,sub-init-16,2025-09,2025-09-24,INV-S-0152,INV-2025-0074,86550.00
RC-2025-09-0304,RC-2025-0181,sub-19-1,2025-09,2025-09-30,INV-S-0157,INV-2025-0079,206250.00
RC-2025-09-0305,RC-2025-0182,sub-19-2,2025-09,2025-09-11,INV-S-0158,INV-2025-0080,234100.00
RC-2025-09-0306,RC-2025-0183,sub-19-3,2025-09,2025-09-21,INV-S-0159,INV-2025-0081,48850.00
RC-2025-09-0307,RC-2025-0184,sub-3-1,2025-09,2025-09-26,INV-S-0148,INV-2025-0070,3366.67
RC-2025-09-0308,RC-2025-0185,sub-17-1,2025-09,2025-09-16,INV-S-0150,INV-2025-0072,12833.33
RC-2025-09-0309,RC-2025-0186,sub-18-3,2025-09,2025-09-24,INV-V-0662,INV-2025-0243,8500.00
RC-2025-09-0310,RC-2025-0187,sub-14-0,2025-09,2025-09-19,INV-V-0629,INV-2025-0210,14268.07
RC-2025-09-0311,RC-2025-0188,sub-15-3,2025-09,2025-09-28,INV-V-0640,INV-2025-0221,28500.00
RC-2025-09-0312,RC-2025-0189,sub-16-0,2025-09,2025-09-27,INV-V-0644,INV-2025-0225,43500.00
RC-2025-09-0313,RC-2025-0190,sub-17-2,2025-09,2025-09-10,INV-V-0653,INV-2025-0234,44750.00
RC-2025-09-0314,RC-2025-0191,sub-17-3,2025-09,2025-09-21,INV-V-0657,INV-2025-0238,16117.40
RC-2025-10-0315,RC-2025-0192,sub-17-3,2025-10,2025-10-20,INV-V-0657,INV-2025-0238,19632.60
RC-2025-10-0316,RC-2025-0193,sub-16-3,2025-10,2025-10-03,INV-V-0649,INV-2025-0230,708.81
RC-2025-10-0317,RC-2025-0194,sub-17-0,2025-10,2025-10-18,INV-V-0651,INV-2025-0232,6500.00
RC-2025-10-0318,RC-2025-0195,sub-18-1,2025-10,2025-10-12,INV-V-0660,INV-2025-0241,7000.00
RC-2025-10-0319,RC-2025-0196,sub-init-4,2025-10,2025-10-06,INV-S-0151,INV-2025-0073,54650.00
RC-2025-10-0320,RC-2025-0197,sub-7-0,2025-10,2025-10-17,INV-S-0153,INV-2025-0075,59250.00
RC-2025-10-0321,RC-2025-0198,sub-init-6,2025-10,2025-10-13,INV-S-0160,INV-2025-0082,15375.00
RC-2025-10-0322,RC-2025-0199,sub-init-11,2025-10,2025-10-15,INV-S-0161,INV-2025-0083,9566.67
RC-2025-10-0323,RC-2025-0200,sub-8-0,2025-10,2025-10-22,INV-S-0170,INV-2025-0092,41250.00
RC-2025-10-0324,RC-2025-0201,sub-8-1,2025-10,2025-10-24,INV-S-0171,INV-2025-0093,820850.00
RC-2025-10-0325,RC-2025-0202,sub-init-15,2025-10,2025-10-23,INV-S-0169,INV-2025-0091,50750.00
RC-2025-10-0326,RC-2025-0203,sub-8-2,2025-10,2025-10-26,INV-S-0172,INV-2025-0094,53900.00
RC-2025-10-0327,RC-2025-0204,sub-init-16,2025-10,2025-10-25,INV-S-0162,INV-2025-0084,13475.00
RC-2025-10-0328,RC-2025-0205,sub-20-0,2025-10,2025-10-17,INV-S-0173,INV-2025-0095,34000.00
RC-2025-10-0329,RC-2025-0206,sub-16-2,2025-10,2025-10-21,INV-S-0165,INV-2025-0087,5066.67
RC-2025-10-0330,RC-2025-0207,sub-20-1,2025-10,2025-10-19,INV-S-0174,INV-2025-0096,45100.00
RC-2025-10-0331,RC-2025-0208,sub-20-2,2025-10,2025-10-21,INV-S-0175,INV-2025-0097,109383.81
RC-2025-11-0332,RC-2025-0209,sub-20-2,2025-11,2025-11-13,INV-S-0175,INV-2025-0097,41466.19
RC-2025-11-0333,RC-2025-0210,sub-20-3,2025-11,2025-11-15,INV-S-0176,INV-2025-0098,192300.00
RC-2025-11-0334,RC-2025-0211,sub-9-0,2025-11,2025-11-02,INV-S-0164,INV-2025-0086,1662.50
RC-2025-11-0335,RC-2025-0212,sub-0-1,2025-11,2025-11-09,INV-S-0163,INV-2025-0085,2283.33
RC-2025-11-0336,RC-2025-0213,sub-18-3,2025-11,2025-11-24,INV-V-0663,INV-2025-0244,8500.00
RC-2025-11-0337,RC-2025-0214,sub-19-0,2025-11,2025-11-09,INV-V-0664,INV-2025-0245,47666.67
RC-2025-11-0338,RC-2025-0215,sub-17-2,2025-11,2025-11-17,INV-S-0166,INV-2025-0088,24637.50
RC-2025-11-0339,RC-2025-0216,sub-15-3,2025-11,2025-11-10,INV-V-0641,INV-2025-0222,7031.16
RC-2025-11-0340,RC-2025-0217,sub-16-0,2025-11,2025-11-18,INV-V-0645,INV-2025-0226,43500.00
RC-2025-11-0341,RC-2025-0218,sub-19-1,2025-11,2025-11-11,INV-V-0671,INV-2025-0249,35500.00
RC-2025-11-0342,RC-2025-0219,sub-17-2,2025-11,2025-11-18,INV-V-0654,INV-2025-0235,44750.00
RC-2025-11-0343,RC-2025-0220,sub-19-2,2025-11,2025-11-13,INV-V-0676,INV-2025-0253,40500.00
RC-2025-11-0344,RC-2025-0221,sub-17-3,2025-11,2025-11-20,INV-V-0658,INV-2025-0239,35750.00
RC-2025-11-0345,RC-2025-0222,sub-19-3,2025-11,2025-11-15,INV-V-0681,INV-2025-0257,7000.00
RC-2025-11-0346,RC-2025-0223,sub-init-3,2025-11,2025-11-04,INV-S-0168,INV-2025-0090,170150.00
RC-2025-11-0347,RC-2025-0224,sub-18-1,2025-11,2025-11-12,INV-V-0661,INV-2025-0242,7000.00
RC-2025-11-0348,RC-2025-0225,sub-8-1,2025-11,2025-11-23,INV-S-0179,INV-2025-0101,156337.50
RC-2025-11-0349,RC-2025-0226,sub-init-14,2025-11,2025-11-20,INV-S-0181,INV-2025-0103,96200.00
RC-2025-11-0350,RC-2025-0227,sub-init-17,2025-11,2025-11-26,INV-S-0177,INV-2025-0099,5550.00
RC-2025-11-0351,RC-2025-0228,sub-9-0,2025-11,2025-11-22,INV-S-0182,INV-2025-0104,190150.00
RC-2025-11-0352,RC-2025-0229,sub-9-1,2025-11,2025-11-20,INV-S-0183,INV-2025-0105,196300.00
RC-2025-11-0353,RC-2025-0230,sub-9-2,2025-11,2025-11-21,INV-S-0184,INV-2025-0106,70400.00
RC-2025-11-0354,RC-2025-0231,sub-6-2,2025-11,2025-11-24,INV-S-0178,INV-2025-0100,4200.00
RC-2025-11-0355,RC-2025-0232,sub-21-0,2025-11,2025-11-24,INV-S-0185,INV-2025-0107,221600.00
RC-2025-11-0356,RC-2025-0233,sub-19-0,2025-11,2025-11-12,INV-V-0665,INV-2025-0246,47666.67
RC-2025-11-0357,RC-2025-0234,sub-21-1,2025-11,2025-11-16,INV-S-0186,INV-2025-0108,46900.00
RC-2025-11-0358,RC-2025-0235,sub-16-0,2025-11,2025-11-27,INV-V-0646,INV-2025-0227,3425.91
RC-2025-11-0359,RC-2025-0236,sub-19-1,2025-11,2025-11-23,INV-V-0672,INV-2025-0250,35500.00
RC-2025-11-0360,RC-2025-0237,sub-21-2,2025-11,2025-11-21,INV-S-0187,INV-2025-0109,58250.00
RC-2025-11-0361,RC-2025-0238,sub-17-2,2025-11,2025-11-11,INV-V-0655,INV-2025-0236,44750.00
RC-2025-11-0362,RC-2025-0239,sub-19-2,2025-11,2025-11-19,INV-V-0677,INV-2025-0254,40500.00
RC-2025-11-0363,RC-2025-0240,sub-20-0,2025-11,2025-11-27,INV-V-0683,INV-2025-0259,5000.00
RC-2025-11-0364,RC-2025-0241,sub-init-2,2025-11,2025-11-19,INV-S-0180,INV-2025-0102,52050.00
RC-2025-11-0365,RC-2025-0242,sub-21-3,2025-11,2025-11-11,INV-S-0188,INV-2025-0110,64850.00
RC-2025-11-0366,RC-2025-0243,sub-17-3,2025-11,2025-11-19,INV-V-0659,INV-2025-0240,35750.00
RC-2025-11-0367,RC-2025-0244,sub-19-3,2025-11,2025-11-11,INV-V-0682,INV-2025-0258,7000.00
RC-2025-11-0368,RC-2025-0245,sub-20-2,2025-11,2025-11-15,INV-V-0685,INV-2025-0261,26000.00
RC-2025-11-0369,RC-2025-0246,sub-20-3,2025-11,2025-11-10,INV-V-0690,INV-2025-0264,33250.00
RC-2025-11-0370,RC-2025-0247,sub-22-0,2025-11,2025-11-15,INV-S-0203,INV-2025-0125,196750.00
RC-2025-11-0371,RC-2025-0248,sub-15-1,2025-11,2025-11-20,INV-S-0191,INV-2025-0113,6270.83
RC-2025-11-0372,RC-2025-0249,sub-22-1,2025-11,2025-11-18,INV-S-0204,INV-2025-0126,135300.00
RC-2025-11-0373,RC-2025-0250,sub-22-2,2025-11,2025-11-24,INV-S-0205,INV-2025-0127,63100.00
RC-2025-11-0374,RC-2025-0251,sub-22-3,2025-11,2025-11-19,INV-S-0206,INV-2025-0128,33250.00
RC-2025-11-0375,RC-2025-0252,sub-init-13,2025-11,2025-11-21,INV-S-0198,INV-2025-0120,986650.00
RC-2025-11-0376,RC-2025-0253,sub-19-2,2025-11,2025-11-16,INV-S-0194,INV-2025-0116,33300.00
RC-2025-11-0377,RC-2025-0254,sub-init-25,2025-11,2025-11-18,INV-S-0199,INV-2025-0121,425410.87
RC-2025-12-0378,RC-2025-0255,sub-init-25,2025-12,2025-12-10,INV-S-0199,INV-2025-0121,303289.13
RC-2025-12-0379,RC-2025-0256,sub-10-0,2025-12,2025-12-12,INV-S-0200,INV-2025-0122,76300.00
RC-2025-12-0380,RC-2025-0257,sub-10-1,2025-12,2025-12-10,INV-S-0201,INV-2025-0123,1131250.00
RC-2025-12-0381,RC-2025-0258,sub-10-2,2025-12,2025-12-19,INV-S-0202,INV-2025-0124,84818.18
RC-2026-01-0382,RC-2026-0001,sub-10-2,2026-01,2026-01-07,INV-S-0202,INV-2025-0124,89131.82
RC-2026-01-0383,RC-2026-0002,sub-19-0,2026-01,2026-01-09,INV-V-0666,INV-2025-0247,47666.67
RC-2026-01-0384,RC-2026-0003,sub-17-2,2026-01,2026-01-17,INV-S-0192,INV-2025-0114,35495.83
RC-2026-01-0385,RC-2026-0004,sub-19-1,2026-01,2026-01-11,INV-V-0673,INV-2025-0251,35500.00
RC-2026-01-0386,RC-2026-0005,sub-21-0,2026-01,2026-01-14,INV-V-0695,INV-2025-0267,38250.00
RC-2026-01-0387,RC-2026-0006,sub-17-3,2026-01,2026-01-19,INV-S-0193,INV-2025-0115,32812.50
RC-2026-01-0388,RC-2026-0007,sub-init-1,2026-01,2026-01-15,INV-S-0197,INV-2025-0119,299400.00
RC-2026-01-0389,RC-2026-0008,sub-19-2,2026-01,2026-01-13,INV-V-0678,INV-2025-0255,40500.00
RC-2026-01-0390,RC-2026-0009,sub-20-0,2026-01,2026-01-18,INV-V-0684,INV-2025-0260,5000.00
RC-2026-01-0391,RC-2026-0010,sub-21-2,2026-01,2026-01-18,INV-V-0700,INV-2025-0269,8000.00
RC-2026-01-0392,RC-2026-0011,sub-20-2,2026-01,2026-01-01,INV-V-0686,INV-2025-0262,26000.00
RC-2026-01-0393,RC-2026-0012,sub-20-3,2026-01,2026-01-03,INV-V-0691,INV-2025-0265,33250.00
RC-2026-01-0394,RC-2026-0013,sub-init-5,2026-01,2026-01-08,INV-S-0190,INV-2025-0112,5133.33
RC-2026-01-0395,RC-2026-0014,sub-init-12,2026-01,2026-01-16,INV-S-0211,INV-2025-0133,37050.00
RC-2026-01-0396,RC-2026-0015,sub-23-0,2026-01,2026-01-28,INV-S-0216,INV-2025-0138,60500.00
RC-2026-01-0397,RC-2026-0016,sub-init-24,2026-01,2026-01-29,INV-S-0212,INV-2025-0134,286950.00
RC-2026-01-0398,RC-2026-0017,sub-23-1,2026-01,2026-01-30,INV-S-0217,INV-2025-0139,52400.00
RC-2026-01-0399,RC-2026-0018,sub-23-2,2026-01,2026-01-17,INV-S-0218,INV-2025-0140,57950.00
RC-2026-01-0400,RC-2026-0019,sub-16-3,2026-01,2026-01-22,INV-S-0209,INV-2025-0131,9187.50
RC-2026-01-0401,RC-2026-0020,sub-23-3,2026-01,2026-01-16,INV-S-0219,INV-2025-0141,176250.00
RC-2026-01-0402,RC-2026-0021,sub-19-0,2026-01,2026-01-23,INV-V-0667,INV-2025-0248,45179.13
RC-2026-01-0403,RC-2026-0022,sub-22-2,2026-01,2026-01-14,INV-V-0713,INV-2025-0273,8530.32
RC-2026-01-0404,RC-2026-0023,sub-init-0,2026-01,2026-01-28,INV-S-0210,INV-2025-0132,302900.00
RC-2026-01-0405,RC-2026-0024,sub-11-0,2026-01,2026-01-17,INV-S-0213,INV-2025-0135,125250.00
RC-2026-01-0406,RC-2026-0025,sub-19-1,2026-01,2026-01-14,INV-V-0674,INV-2025-0252,33647.39
RC-2026-01-0407,RC-2026-0026,sub-21-0,2026-01,2026-01-20,INV-V-0696,INV-2025-0268,36253.88
RC-2026-01-0408,RC-2026-0027,sub-11-1,2026-01,2026-01-11,INV-S-0214,INV-2025-0136,224650.00
RC-2026-01-0409,RC-2026-0028,sub-19-2,2026-01,2026-01-14,INV-V-0679,INV-2025-0256,38386.46
RC-2026-01-0410,RC-2026-0029,sub-init-2,2026-01,2026-01-12,INV-S-0208,INV-2025-0130,6958.33
RC-2026-01-0411,RC-2026-0030,sub-11-2,2026-01,2026-01-15,INV-S-0215,INV-2025-0137,51050.00
RC-2026-01-0412,RC-2026-0031,sub-21-2,2026-01,2026-01-11,INV-V-0701,INV-2025-0270,7582.51
RC-2026-01-0413,RC-2026-0032,sub-20-2,2026-01,2026-01-31,INV-V-0687,INV-2025-0263,24643.16
RC-2026-01-0414,RC-2026-0033,sub-22-0,2026-01,2026-01-24,INV-V-0703,INV-2025-0271,32225.67
RC-2026-01-0415,RC-2026-0034,sub-20-3,2026-01,2026-01-19,INV-V-0692,INV-2025-0266,13594.54
RC-2026-02-0416,RC-2026-0035,sub-20-3,2026-02,2026-02-02,INV-V-0692,INV-2025-0266,17920.27
RC-2026-02-0417,RC-2026-0036,sub-22-1,2026-02,2026-02-11,INV-V-0708,INV-2025-0272,22036.67
RC-2026-02-0418,RC-2026-0037,sub-4-0,2026-02,2026-02-07,INV-S-0250,INV-2026-0031,1583.33
RC-2026-02-0419,RC-2026-0038,sub-7-1,2026-02,2026-02-21,INV-S-0259,INV-2026-0040,4025.00
RC-2026-02-0420,RC-2026-0039,sub-init-7,2026-02,2026-02-14,INV-S-0227,INV-2026-0008,1100.00
RC-2026-02-0421,RC-2026-0040,sub-1-0,2026-02,2026-02-11,INV-S-0243,INV-2026-0024,479.17
RC-2026-02-0422,RC-2026-0041,sub-4-1,2026-02,2026-02-09,INV-S-0251,INV-2026-0032,3883.33
RC-2026-02-0423,RC-2026-0042,sub-7-2,2026-02,2026-02-23,INV-S-0260,INV-2026-0041,1983.33
RC-2026-02-0424,RC-2026-0043,sub-18-0,2026-02,2026-02-17,INV-S-0290,INV-2026-0071,2375.00
RC-2026-02-0425,RC-2026-0044,sub-7-2,2026-02,2026-02-23,INV-S-0313,INV-2026-0094,4637.50
RC-2026-02-0426,RC-2026-0045,sub-18-0,2026-02,2026-02-17,INV-S-0316,INV-2026-0097,4125.00
RC-2026-02-0427,RC-2026-0046,sub-init-8,2026-02,2026-02-16,INV-S-0228,INV-2026-0009,862.50
RC-2026-02-0428,RC-2026-0047,sub-1-1,2026-02,2026-02-13,INV-S-0244,INV-2026-0025,295.83
RC-2026-02-0429,RC-2026-0048,sub-4-2,2026-02,2026-02-11,INV-S-0252,INV-2026-0033,1583.33
RC-2026-02-0430,RC-2026-0049,sub-15-0,2026-02,2026-02-05,INV-S-0278,INV-2026-0059,950.00
RC-2026-02-0431,RC-2026-0050,sub-18-1,2026-02,2026-02-19,INV-S-0291,INV-2026-0072,1775.00
RC-2026-02-0432,RC-2026-0051,sub-22-0,2026-02,2026-02-17,INV-S-0306,INV-2026-0087,11458.33
RC-2026-02-0433,RC-2026-0052,sub-init-9,2026-02,2026-02-18,INV-S-0229,INV-2026-0010,458.33
RC-2026-02-0434,RC-2026-0053,sub-15-1,2026-02,2026-02-07,INV-S-0279,INV-2026-0060,1425.00
RC-2026-02-0435,RC-2026-0054,sub-18-2,2026-02,2026-02-21,INV-S-0292,INV-2026-0073,1975.00
RC-2026-02-0436,RC-2026-0055,sub-22-1,2026-02,2026-02-19,INV-S-0307,INV-2026-0088,7875.00
RC-2026-02-0437,RC-2026-0056,sub-12-0,2026-02,2026-02-18,INV-S-0320,INV-2026-0101,212750.00
RC-2026-02-0438,RC-2026-0057,sub-15-2,2026-02,2026-02-09,INV-S-0280,INV-2026-0061,637.50
RC-2026-02-0439,RC-2026-0058,sub-18-3,2026-02,2026-02-07,INV-S-0293,INV-2026-0074,2175.00
RC-2026-02-0440,RC-2026-0059,sub-22-2,2026-02,2026-02-21,INV-S-0308,INV-2026-0089,3666.67
RC-2026-02-0441,RC-2026-0060,sub-12-1,2026-02,2026-02-20,INV-S-0321,INV-2026-0102,82050.00
RC-2026-02-0442,RC-2026-0061,sub-15-3,2026-02,2026-02-11,INV-S-0281,INV-2026-0062,2900.00
RC-2026-02-0443,RC-2026-0062,sub-22-3,2026-02,2026-02-23,INV-S-0309,INV-2026-0090,1958.33
RC-2026-02-0444,RC-2026-0063,sub-12-2,2026-02,2026-02-22,INV-S-0322,INV-2026-0103,37200.00
RC-2026-02-0445,RC-2026-0064,sub-init-11,2026-02,2026-02-14,INV-S-0317,INV-2026-0098,211350.00
RC-2026-02-0446,RC-2026-0065,sub-init-12,2026-02,2026-02-16,INV-S-0230,INV-2026-0011,2383.33
RC-2026-02-0447,RC-2026-0066,sub-init-13,2026-02,2026-02-18,INV-S-0231,INV-2026-0012,57541.67
RC-2026-02-0448,RC-2026-0067,sub-init-20,2026-02,2026-02-21,INV-S-0238,INV-2026-0019,3400.00
RC-2026-02-0449,RC-2026-0068,sub-8-0,2026-02,2026-02-21,INV-S-0261,INV-2026-0042,1933.33
RC-2026-02-0450,RC-2026-0069,sub-init-14,2026-02,2026-02-20,INV-S-0232,INV-2026-0013,5062.50
RC-2026-02-0451,RC-2026-0070,sub-init-21,2026-02,2026-02-23,INV-S-0239,INV-2026-0020,441.67
RC-2026-02-0452,RC-2026-0071,sub-8-1,2026-02,2026-02-23,INV-S-0262,INV-2026-0043,46266.67
RC-2026-02-0453,RC-2026-0072,sub-init-15,2026-02,2026-02-22,INV-S-0233,INV-2026-0014,2366.67
RC-2026-02-0454,RC-2026-0073,sub-init-22,2026-02,2026-02-25,INV-S-0240,INV-2026-0021,391.67
RC-2026-02-0455,RC-2026-0074,sub-2-0,2026-02,2026-02-22,INV-S-0245,INV-2026-0026,558.33
RC-2026-02-0456,RC-2026-0075,sub-5-1,2026-02,2026-02-23,INV-S-0253,INV-2026-0034,1645.83
RC-2026-02-0457,RC-2026-0076,sub-8-2,2026-02,2026-02-25,INV-S-0263,INV-2026-0044,2500.00
RC-2026-02-0458,RC-2026-0077,sub-19-0,2026-02,2026-02-28,INV-S-0294,INV-2026-0075,22167.10
RC-2026-03-0459,RC-2026-0078,sub-19-0,2026-03,2026-03-20,INV-S-0294,INV-2026-0075,3820.40
RC-2026-03-0460,RC-2026-0079,sub-init-16,2026-03,2026-03-18,INV-S-0234,INV-2026-0015,4141.67
RC-2026-03-0461,RC-2026-0080,sub-2-1,2026-03,2026-03-23,INV-S-0246,INV-2026-0027,2650.00
RC-2026-03-0462,RC-2026-0081,sub-5-2,2026-03,2026-03-10,INV-S-0254,INV-2026-0035,1166.67
RC-2026-03-0463,RC-2026-0082,sub-16-0,2026-03,2026-03-23,INV-S-0282,INV-2026-0063,5883.33
RC-2026-03-0464,RC-2026-0083,sub-19-1,2026-03,2026-03-02,INV-S-0295,INV-2026-0076,8429.17
RC-2026-03-0465,RC-2026-0084,sub-23-0,2026-03,2026-03-15,INV-S-0310,INV-2026-0091,3895.83
RC-2026-03-0466,RC-2026-0085,sub-init-17,2026-03,2026-03-21,INV-S-0235,INV-2026-0016,2700.00
RC-2026-03-0467,RC-2026-0086,sub-init-24,2026-03,2026-03-01,INV-S-0241,INV-2026-0022,18425.00
RC-2026-03-0468,RC-2026-0087,sub-13-0,2026-03,2026-03-18,INV-S-0273,INV-2026-0054,220.83
RC-2026-03-0469,RC-2026-0088,sub-16-1,2026-03,2026-03-16,INV-S-0283,INV-2026-0064,1466.67
RC-2026-03-0470,RC-2026-0089,sub-19-2,2026-03,2026-03-04,INV-S-0296,INV-2026-0077,11375.00
RC-2026-03-0471,RC-2026-0090,sub-20-0,2026-03,2026-03-16,INV-S-0298,INV-2026-0079,1600.00
RC-2026-03-0472,RC-2026-0091,sub-23-1,2026-03,2026-03-02,INV-S-0311,INV-2026-0092,3345.83
RC-2026-03-0473,RC-2026-0092,sub-init-18,2026-03,2026-03-11,INV-S-0236,INV-2026-0017,1270.83
RC-2026-03-0474,RC-2026-0093,sub-init-25,2026-03,2026-03-03,INV-S-0242,INV-2026-0023,42500.00
RC-2026-03-0475,RC-2026-0094,sub-10-0,2026-03,2026-03-05,INV-S-0267,INV-2026-0048,4458.33
RC-2026-03-0476,RC-2026-0095,sub-16-2,2026-03,2026-03-15,INV-S-0284,INV-2026-0065,1183.33
RC-2026-03-0477,RC-2026-0096,sub-19-3,2026-03,2026-03-06,INV-S-0297,INV-2026-0078,1983.33
RC-2026-03-0478,RC-2026-0097,sub-20-1,2026-03,2026-03-18,INV-S-0299,INV-2026-0080,1733.33
RC-2026-03-0479,RC-2026-0098,sub-init-19,2026-03,2026-03-02,INV-S-0237,INV-2026-0018,850.00
RC-2026-03-0480,RC-2026-0099,sub-10-1,2026-03,2026-03-07,INV-S-0268,INV-2026-0049,66000.00
RC-2026-03-0481,RC-2026-0100,sub-13-2,2026-03,2026-03-21,INV-S-0274,INV-2026-0055,295.83
RC-2026-03-0482,RC-2026-0101,sub-16-3,2026-03,2026-03-22,INV-S-0285,INV-2026-0066,2483.33
RC-2026-03-0483,RC-2026-0102,sub-20-2,2026-03,2026-03-22,INV-S-0300,INV-2026-0081,7033.33
RC-2026-03-0484,RC-2026-0103,sub-23-3,2026-03,2026-03-06,INV-S-0312,INV-2026-0093,11320.83
RC-2026-03-0485,RC-2026-0104,sub-16-3,2026-03,2026-03-23,INV-S-0315,INV-2026-0096,5466.67
RC-2026-03-0486,RC-2026-0105,sub-10-2,2026-03,2026-03-09,INV-S-0269,INV-2026-0050,10166.67
RC-2026-03-0487,RC-2026-0106,sub-20-3,2026-03,2026-03-11,INV-S-0301,INV-2026-0082,8966.67
RC-2026-03-0488,RC-2026-0107,sub-9-0,2026-03,2026-03-04,INV-S-0264,INV-2026-0045,9975.00
RC-2026-03-0489,RC-2026-0108,sub-6-0,2026-03,2026-03-08,INV-S-0255,INV-2026-0036,1400.00
RC-2026-03-0490,RC-2026-0109,sub-9-1,2026-03,2026-03-06,INV-S-0265,INV-2026-0046,10312.50
RC-2026-03-0491,RC-2026-0110,sub-3-0,2026-03,2026-03-13,INV-S-0247,INV-2026-0028,4800.00
RC-2026-03-0492,RC-2026-0111,sub-6-1,2026-03,2026-03-15,INV-S-0256,INV-2026-0037,5275.00
RC-2026-03-0493,RC-2026-0112,sub-9-2,2026-03,2026-03-08,INV-S-0266,INV-2026-0047,3712.50
RC-2026-03-0494,RC-2026-0113,sub-3-1,2026-03,2026-03-20,INV-S-0248,INV-2026-0029,837.50
RC-2026-03-0495,RC-2026-0114,sub-6-2,2026-03,2026-03-12,INV-S-0257,INV-2026-0038,1725.00
RC-2026-03-0496,RC-2026-0115,sub-17-0,2026-03,2026-03-15,INV-S-0286,INV-2026-0067,1312.50
RC-2026-03-0497,RC-2026-0116,sub-0-0,2026-03,2026-03-09,INV-S-0318,INV-2026-0099,211200.00
RC-2026-03-0498,RC-2026-0117,sub-24-0,2026-03,2026-03-02,INV-S-0323,INV-2026-0104,131550.00
RC-2026-03-0499,RC-2026-0118,sub-3-2,2026-03,2026-03-17,INV-S-0249,INV-2026-0030,725.00
RC-2026-03-0500,RC-2026-0119,sub-14-0,2026-03,2026-03-03,INV-S-0275,INV-2026-0056,1933.33
RC-2026-03-0501,RC-2026-0120,sub-17-1,2026-03,2026-03-17,INV-S-0287,INV-2026-0068,2000.00
RC-2026-03-0502,RC-2026-0121,sub-21-0,2026-03,2026-03-15,INV-S-0302,INV-2026-0083,11625.00
RC-2026-03-0503,RC-2026-0122,sub-0-1,2026-03,2026-03-11,INV-S-0319,INV-2026-0100,72950.00
RC-2026-03-0504,RC-2026-0123,sub-24-1,2026-03,2026-03-04,INV-S-0324,INV-2026-0105,629652.29
RC-2026-04-0505,RC-2026-0124,sub-24-1,2026-04,2026-04-23,INV-S-0324,INV-2026-0105,57247.71
RC-2026-04-0506,RC-2026-0125,sub-19-0,2026-04,2026-04-15,INV-V-0668,INV-2026-0295,47666.67
RC-2026-04-0507,RC-2026-0126,sub-22-2,2026-04,2026-04-24,INV-V-0714,INV-2026-0316,9000.00
RC-2026-04-0508,RC-2026-0127,sub-init-0,2026-04,2026-04-10,INV-S-0221,INV-2026-0002,19433.33
RC-2026-04-0509,RC-2026-0128,sub-11-0,2026-04,2026-04-19,INV-S-0270,INV-2026-0051,8020.83
RC-2026-04-0510,RC-2026-0129,sub-14-1,2026-04,2026-04-15,INV-S-0276,INV-2026-0057,591.67
RC-2026-04-0511,RC-2026-0130,sub-17-2,2026-04,2026-04-13,INV-S-0288,INV-2026-0069,10312.50
RC-2026-04-0512,RC-2026-0131,sub-21-1,2026-04,2026-04-22,INV-S-0303,INV-2026-0084,2475.00
RC-2026-04-0513,RC-2026-0132,sub-11-0,2026-04,2026-04-21,INV-S-0314,INV-2026-0095,23558.33
RC-2026-04-0514,RC-2026-0133,sub-24-2,2026-04,2026-04-19,INV-S-0325,INV-2026-0106,43050.00
RC-2026-04-0515,RC-2026-0134,sub-19-1,2026-04,2026-04-12,INV-V-0675,INV-2026-0298,1852.61
RC-2026-04-0516,RC-2026-0135,sub-21-0,2026-04,2026-04-24,INV-V-0697,INV-2026-0304,38250.00
RC-2026-04-0517,RC-2026-0136,sub-23-0,2026-04,2026-04-18,INV-V-0716,INV-2026-0318,8500.00
RC-2026-04-0518,RC-2026-0137,sub-init-1,2026-04,2026-04-14,INV-S-0222,INV-2026-0003,17458.33
RC-2026-04-0519,RC-2026-0138,sub-11-1,2026-04,2026-04-22,INV-S-0271,INV-2026-0052,14437.50
RC-2026-04-0520,RC-2026-0139,sub-14-2,2026-04,2026-04-18,INV-S-0277,INV-2026-0058,708.33
RC-2026-04-0521,RC-2026-0140,sub-17-3,2026-04,2026-04-15,INV-S-0289,INV-2026-0070,7708.33
RC-2026-04-0522,RC-2026-0141,sub-21-2,2026-04,2026-04-16,INV-S-0304,INV-2026-0085,3075.00
RC-2026-04-0523,RC-2026-0142,sub-19-2,2026-04,2026-04-21,INV-V-0680,INV-2026-0299,2113.54
RC-2026-04-0524,RC-2026-0143,sub-init-2,2026-04,2026-04-15,INV-S-0223,INV-2026-0004,3187.50
RC-2026-04-0525,RC-2026-0144,sub-11-2,2026-04,2026-04-16,INV-S-0272,INV-2026-0053,3254.17
RC-2026-04-0526,RC-2026-0145,sub-21-3,2026-04,2026-04-10,INV-S-0305,INV-2026-0086,3412.50
RC-2026-04-0527,RC-2026-0146,sub-21-2,2026-04,2026-04-20,INV-V-0702,INV-2026-0307,417.49
RC-2026-04-0528,RC-2026-0147,sub-init-3,2026-04,2026-04-21,INV-S-0224,INV-2026-0005,7933.33
RC-2026-04-0529,RC-2026-0148,sub-20-2,2026-04,2026-04-24,INV-V-0688,INV-2026-0300,26000.00
RC-2026-04-0530,RC-2026-0149,sub-22-0,2026-04,2026-04-15,INV-V-0704,INV-2026-0308,34000.00
RC-2026-04-0531,RC-2026-0150,sub-23-3,2026-04,2026-04-21,INV-V-0718,INV-2026-0320,30500.00
RC-2026-04-0532,RC-2026-0151,sub-init-4,2026-04,2026-04-13,INV-S-0225,INV-2026-0006,2245.83
RC-2026-04-0533,RC-2026-0152,sub-20-3,2026-04,2026-04-12,INV-V-0693,INV-2026-0302,33250.00
RC-2026-04-0534,RC-2026-0153,sub-22-1,2026-04,2026-04-16,INV-V-0709,INV-2026-0312,23250.00
RC-2026-04-0535,RC-2026-0154,sub-init-5,2026-04,2026-04-18,INV-S-0226,INV-2026-0007,2875.00
RC-2026-04-0536,RC-2026-0155,sub-7-0,2026-04,2026-04-11,INV-S-0258,INV-2026-0039,2420.83
RC-2026-04-0537,RC-2026-0156,sub-1-0,2026-04,2026-04-14,INV-S-0332,INV-2026-0113,87800.00
RC-2026-04-0538,RC-2026-0157,sub-25-0,2026-04,2026-04-13,INV-S-0336,INV-2026-0117,125500.00
RC-2026-04-0539,RC-2026-0158,sub-1-1,2026-04,2026-04-19,INV-S-0333,INV-2026-0114,54400.00
RC-2026-04-0540,RC-2026-0159,sub-25-1,2026-04,2026-04-13,INV-S-0337,INV-2026-0118,53850.00
RC-2026-04-0541,RC-2026-0160,sub-25-2,2026-04,2026-04-22,INV-S-0338,INV-2026-0119,63100.00
RC-2026-04-0542,RC-2026-0161,sub-init-22,2026-04,2026-04-11,INV-S-0331,INV-2026-0112,71850.00
RC-2026-04-0543,RC-2026-0162,sub-init-17,2026-04,2026-04-12,INV-S-0326,INV-2026-0107,7437.50
RC-2026-04-0544,RC-2026-0163,sub-13-0,2026-04,2026-04-12,INV-S-0334,INV-2026-0115,40850.00
RC-2026-04-0545,RC-2026-0164,sub-init-19,2026-04,2026-04-02,INV-S-0327,INV-2026-0108,2512.50
RC-2026-04-0546,RC-2026-0165,sub-13-2,2026-04,2026-04-24,INV-S-0335,INV-2026-0116,54250.00
RC-2026-04-0547,RC-2026-0166,sub-19-0,2026-04,2026-04-11,INV-V-0669,INV-2026-0296,47666.67
RC-2026-04-0548,RC-2026-0167,sub-22-2,2026-04,2026-04-10,INV-V-0715,INV-2026-0317,469.68
RC-2026-04-0549,RC-2026-0168,sub-24-2,2026-04,2026-04-06,INV-S-0329,INV-2026-0110,7837.50
RC-2026-04-0550,RC-2026-0169,sub-21-0,2026-04,2026-04-16,INV-V-0698,INV-2026-0305,38250.00
RC-2026-04-0551,RC-2026-0170,sub-23-0,2026-04,2026-04-11,INV-V-0717,INV-2026-0319,8500.00
RC-2026-04-0552,RC-2026-0171,sub-24-1,2026-04,2026-04-05,INV-V-0726,INV-2026-0328,51500.00
RC-2026-04-0553,RC-2026-0172,sub-11-2,2026-04,2026-04-11,INV-S-0328,INV-2026-0109,12000.00
RC-2026-04-0554,RC-2026-0173,sub-20-2,2026-04,2026-04-03,INV-V-0689,INV-2026-0301,1356.84
RC-2026-04-0555,RC-2026-0174,sub-22-0,2026-04,2026-04-12,INV-V-0705,INV-2026-0309,34000.00
RC-2026-04-0556,RC-2026-0175,sub-23-3,2026-04,2026-04-17,INV-V-0719,INV-2026-0321,30500.00
RC-2026-04-0557,RC-2026-0176,sub-24-0,2026-04,2026-04-07,INV-V-0722,INV-2026-0324,22750.00
RC-2026-04-0558,RC-2026-0177,sub-20-3,2026-04,2026-04-05,INV-V-0694,INV-2026-0303,1735.19
RC-2026-04-0559,RC-2026-0178,sub-22-1,2026-04,2026-04-14,INV-V-0710,INV-2026-0313,23250.00
RC-2026-04-0560,RC-2026-0179,sub-init-9,2026-04,2026-04-18,INV-S-0340,INV-2026-0121,20368.57
RC-2026-05-0561,RC-2026-0180,sub-init-9,2026-05,2026-05-15,INV-S-0340,INV-2026-0121,21331.43
RC-2026-05-0562,RC-2026-0181,sub-init-21,2026-05,2026-05-20,INV-S-0341,INV-2026-0122,52300.00
RC-2026-05-0563,RC-2026-0182,sub-2-0,2026-05,2026-05-14,INV-S-0342,INV-2026-0123,51250.00
RC-2026-05-0564,RC-2026-0183,sub-26-0,2026-05,2026-05-13,INV-S-0347,INV-2026-0128,215900.00
RC-2026-05-0565,RC-2026-0184,sub-2-1,2026-05,2026-05-18,INV-S-0343,INV-2026-0124,242850.00
RC-2026-05-0566,RC-2026-0185,sub-26-1,2026-05,2026-05-24,INV-S-0348,INV-2026-0129,261200.00
RC-2026-05-0567,RC-2026-0186,sub-26-2,2026-05,2026-05-12,INV-S-0349,INV-2026-0130,39450.00
RC-2026-05-0568,RC-2026-0187,sub-14-0,2026-05,2026-05-01,INV-S-0344,INV-2026-0125,177250.00
RC-2026-05-0569,RC-2026-0188,sub-19-0,2026-05,2026-05-09,INV-V-0670,INV-2026-0297,2487.54
RC-2026-05-0570,RC-2026-0189,sub-14-1,2026-05,2026-05-03,INV-S-0345,INV-2026-0126,54100.00
RC-2026-05-0571,RC-2026-0190,sub-21-0,2026-05,2026-05-14,INV-V-0699,INV-2026-0306,1996.12
RC-2026-05-0572,RC-2026-0191,sub-24-1,2026-05,2026-05-03,INV-V-0727,INV-2026-0329,51500.00
RC-2026-05-0573,RC-2026-0192,sub-14-2,2026-05,2026-05-05,INV-S-0346,INV-2026-0127,64650.00
RC-2026-05-0574,RC-2026-0193,sub-25-0,2026-05,2026-05-06,INV-V-0732,INV-2026-0334,21750.00
RC-2026-05-0575,RC-2026-0194,sub-22-0,2026-05,2026-05-10,INV-V-0706,INV-2026-0310,34000.00
RC-2026-05-0576,RC-2026-0195,sub-23-3,2026-05,2026-05-15,INV-V-0720,INV-2026-0322,30500.00
RC-2026-05-0577,RC-2026-0196,sub-24-0,2026-05,2026-05-05,INV-V-0723,INV-2026-0325,22750.00
RC-2026-05-0578,RC-2026-0197,sub-25-1,2026-05,2026-05-08,INV-V-0736,INV-2026-0338,7500.00
RC-2026-05-0579,RC-2026-0198,sub-22-1,2026-05,2026-05-12,INV-V-0711,INV-2026-0314,23250.00
RC-2026-05-0580,RC-2026-0199,sub-25-2,2026-05,2026-05-10,INV-V-0738,INV-2026-0340,9000.00
RC-2026-05-0581,RC-2026-0200,sub-1-0,2026-05,2026-05-12,INV-S-0353,INV-2026-0134,12875.00
RC-2026-05-0582,RC-2026-0201,sub-init-8,2026-05,2026-05-17,INV-S-0355,INV-2026-0136,52550.00
RC-2026-05-0583,RC-2026-0202,sub-15-0,2026-05,2026-05-06,INV-S-0360,INV-2026-0141,58300.00
RC-2026-05-0584,RC-2026-0203,sub-15-1,2026-05,2026-05-08,INV-S-0361,INV-2026-0142,38084.56
RC-2026-06-0585,RC-2026-0204,sub-15-1,2026-06,2026-06-11,INV-S-0361,INV-2026-0142,48715.44
RC-2026-06-0586,RC-2026-0205,sub-15-2,2026-06,2026-06-18,INV-S-0362,INV-2026-0143,39000.00
RC-2026-06-0587,RC-2026-0206,sub-15-3,2026-06,2026-06-17,INV-S-0363,INV-2026-0144,177300.00
RC-2026-06-0588,RC-2026-0207,sub-init-12,2026-06,2026-06-24,INV-S-0352,INV-2026-0133,3500.00
RC-2026-06-0589,RC-2026-0208,sub-init-20,2026-06,2026-06-12,INV-S-0356,INV-2026-0137,208200.00
RC-2026-06-0590,RC-2026-0209,sub-3-0,2026-06,2026-06-17,INV-S-0357,INV-2026-0138,293200.00
RC-2026-06-0591,RC-2026-0210,sub-27-0,2026-06,2026-06-10,INV-S-0364,INV-2026-0145,67900.00
RC-2026-06-0592,RC-2026-0211,sub-3-1,2026-06,2026-06-17,INV-S-0358,INV-2026-0139,51450.00
RC-2026-06-0593,RC-2026-0212,sub-27-1,2026-06,2026-06-12,INV-S-0365,INV-2026-0146,70250.00
RC-2026-06-0594,RC-2026-0213,sub-3-2,2026-06,2026-06-14,INV-S-0359,INV-2026-0140,44200.00
RC-2026-06-0595,RC-2026-0214,sub-27-2,2026-06,2026-06-11,INV-S-0366,INV-2026-0147,67050.00
RC-2026-06-0596,RC-2026-0215,sub-26-0,2026-06,2026-06-23,INV-V-0740,INV-2026-0342,37250.00
RC-2026-06-0597,RC-2026-0216,sub-21-1,2026-06,2026-06-15,INV-S-0354,INV-2026-0135,5650.00
RC-2026-06-0598,RC-2026-0217,sub-27-3,2026-06,2026-06-02,INV-S-0367,INV-2026-0148,169650.00
RC-2026-06-0599,RC-2026-0218,sub-24-1,2026-06,2026-06-03,INV-V-0728,INV-2026-0330,51500.00
RC-2026-06-0600,RC-2026-0219,sub-26-1,2026-06,2026-06-11,INV-V-0744,INV-2026-0346,45000.00
RC-2026-06-0601,RC-2026-0220,sub-25-0,2026-06,2026-06-06,INV-V-0733,INV-2026-0335,21750.00
RC-2026-06-0602,RC-2026-0221,sub-22-0,2026-06,2026-06-10,INV-V-0707,INV-2026-0311,1774.33
RC-2026-06-0603,RC-2026-0222,sub-23-3,2026-06,2026-06-15,INV-V-0721,INV-2026-0323,30500.00
RC-2026-06-0604,RC-2026-0223,sub-24-0,2026-06,2026-06-05,INV-V-0724,INV-2026-0326,22750.00
RC-2026-06-0605,RC-2026-0224,sub-25-1,2026-06,2026-06-08,INV-V-0737,INV-2026-0339,7500.00
RC-2026-06-0606,RC-2026-0225,sub-22-1,2026-06,2026-06-12,INV-V-0712,INV-2026-0315,1213.33
RC-2026-06-0607,RC-2026-0226,sub-25-2,2026-06,2026-06-10,INV-V-0739,INV-2026-0341,9000.00
RC-2026-06-0608,RC-2026-0227,sub-4-0,2026-06,2026-06-07,INV-S-0374,INV-2026-0155,72850.00
RC-2026-06-0609,RC-2026-0228,sub-28-0,2026-06,2026-06-25,INV-S-0380,INV-2026-0161,31769.30
RC-2026-07-0610,RC-2026-0229,sub-28-0,2026-07,2026-07-16,INV-S-0380,INV-2026-0161,12830.70
RC-2026-07-0611,RC-2026-0230,sub-init-7,2026-07,2026-07-11,INV-S-0372,INV-2026-0153,44500.00
RC-2026-07-0612,RC-2026-0231,sub-4-1,2026-07,2026-07-18,INV-S-0375,INV-2026-0156,177950.00
RC-2026-07-0613,RC-2026-0232,sub-28-1,2026-07,2026-07-14,INV-S-0381,INV-2026-0162,137050.00
RC-2026-07-0614,RC-2026-0233,sub-init-8,2026-07,2026-07-14,INV-S-0369,INV-2026-0150,7929.17
RC-2026-07-0615,RC-2026-0234,sub-4-2,2026-07,2026-07-19,INV-S-0376,INV-2026-0157,72800.00
RC-2026-07-0616,RC-2026-0235,sub-28-2,2026-07,2026-07-13,INV-S-0382,INV-2026-0163,259750.00
RC-2026-07-0617,RC-2026-0236,sub-28-3,2026-07,2026-07-18,INV-S-0383,INV-2026-0164,48100.00
RC-2026-07-0618,RC-2026-0237,sub-16-0,2026-07,2026-07-10,INV-S-0377,INV-2026-0158,270000.00
RC-2026-07-0619,RC-2026-0238,sub-16-2,2026-07,2026-07-20,INV-S-0378,INV-2026-0159,54400.00
RC-2026-07-0620,RC-2026-0239,sub-init-19,2026-07,2026-07-17,INV-S-0373,INV-2026-0154,49350.00
RC-2026-07-0621,RC-2026-0240,sub-16-3,2026-07,2026-07-15,INV-S-0379,INV-2026-0160,129950.00
RC-2026-07-0622,RC-2026-0241,sub-6-0,2026-07,2026-07-06,INV-S-0370,INV-2026-0151,1591.67
RC-2026-07-0623,RC-2026-0242,sub-26-0,2026-07,2026-07-15,INV-V-0741,INV-2026-0343,37250.00
RC-2026-07-0624,RC-2026-0243,sub-24-1,2026-07,2026-07-03,INV-V-0729,INV-2026-0331,51500.00
RC-2026-07-0625,RC-2026-0244,sub-26-1,2026-07,2026-07-18,INV-V-0745,INV-2026-0347,45000.00
RC-2026-07-0626,RC-2026-0245,sub-27-2,2026-07,2026-07-01,INV-V-0752,INV-2026-0354,9500.00
RC-2026-07-0627,RC-2026-0246,sub-27-3,2026-07,2026-07-03,INV-V-0754,INV-2026-0356,29250.00
RC-2026-07-0628,RC-2026-0247,sub-25-0,2026-07,2026-07-06,INV-V-0734,INV-2026-0336,21750.00
RC-2026-07-0629,RC-2026-0248,sub-27-0,2026-07,2026-07-01,INV-V-0748,INV-2026-0350,9500.00
RC-2026-07-0630,RC-2026-0249,sub-24-0,2026-07,2026-07-05,INV-V-0725,INV-2026-0327,22750.00
RC-2026-07-0631,RC-2026-0250,sub-27-1,2026-07,2026-07-03,INV-V-0750,INV-2026-0352,10000.00
RC-2026-07-0632,RC-2026-0251,sub-25-1,2026-07,2026-07-16,INV-S-0387,INV-2026-0168,7533.33
RC-2026-07-0633,RC-2026-0252,sub-22-3,2026-07,2026-07-24,INV-S-0386,INV-2026-0167,1625.00
RC-2026-07-0634,RC-2026-0253,sub-29-0,2026-07,2026-07-28,INV-S-0396,INV-2026-0177,164200.00
RC-2026-07-0635,RC-2026-0254,sub-5-1,2026-07,2026-07-17,INV-S-0390,INV-2026-0171,60650.00
RC-2026-07-0636,RC-2026-0255,sub-29-1,2026-07,2026-07-14,INV-S-0397,INV-2026-0178,52700.00
RC-2026-07-0637,RC-2026-0256,sub-5-2,2026-07,2026-07-20,INV-S-0391,INV-2026-0172,43150.00
RC-2026-07-0638,RC-2026-0257,sub-29-2,2026-07,2026-07-16,INV-S-0398,INV-2026-0179,147850.00
RC-2026-07-0639,RC-2026-0258,sub-29-3,2026-07,2026-07-18,INV-S-0399,INV-2026-0180,37250.00
RC-2026-07-0640,RC-2026-0259,sub-init-18,2026-07,2026-07-29,INV-S-0389,INV-2026-0170,46950.00
RC-2026-07-0641,RC-2026-0260,sub-9-0,2026-07,2026-07-10,INV-S-0384,INV-2026-0165,19616.67
RC-2026-07-0642,RC-2026-0261,sub-9-2,2026-07,2026-07-11,INV-S-0385,INV-2026-0166,3900.00
RC-2026-07-0643,RC-2026-0262,sub-17-0,2026-07,2026-07-16,INV-S-0392,INV-2026-0173,48500.00
RC-2026-07-0644,RC-2026-0263,sub-17-1,2026-07,2026-07-12,INV-S-0393,INV-2026-0174,67750.00
RC-2026-07-0645,RC-2026-0264,sub-26-0,2026-07,2026-07-27,INV-V-0742,INV-2026-0344,37250.00
RC-2026-07-0646,RC-2026-0265,sub-17-2,2026-07,2026-07-22,INV-S-0394,INV-2026-0175,60910.69
RC-2026-08-0647,RC-2026-0266,sub-17-2,2026-08,2026-08-17,INV-S-0394,INV-2026-0175,317639.31
RC-2026-08-0648,RC-2026-0267,sub-24-1,2026-08,2026-08-03,INV-V-0730,INV-2026-0332,51500.00
RC-2026-08-0649,RC-2026-0268,sub-26-1,2026-08,2026-08-17,INV-V-0746,INV-2026-0348,45000.00
RC-2026-08-0650,RC-2026-0269,sub-27-2,2026-08,2026-08-01,INV-V-0753,INV-2026-0355,9500.00
RC-2026-08-0651,RC-2026-0270,sub-17-3,2026-08,2026-08-19,INV-S-0395,INV-2026-0176,282450.00
RC-2026-08-0652,RC-2026-0271,sub-27-3,2026-08,2026-08-03,INV-V-0755,INV-2026-0357,29250.00
RC-2026-08-0653,RC-2026-0272,sub-25-0,2026-08,2026-08-06,INV-V-0735,INV-2026-0337,21750.00
RC-2026-08-0654,RC-2026-0273,sub-27-0,2026-08,2026-08-01,INV-V-0749,INV-2026-0351,9500.00
RC-2026-08-0655,RC-2026-0274,sub-28-1,2026-08,2026-08-20,INV-V-0758,INV-2026-0360,23750.00
RC-2026-08-0656,RC-2026-0275,sub-27-1,2026-08,2026-08-03,INV-V-0751,INV-2026-0353,10000.00
RC-2026-08-0657,RC-2026-0276,sub-28-2,2026-08,2026-08-22,INV-V-0762,INV-2026-0364,44750.00
RC-2026-08-0658,RC-2026-0277,sub-28-3,2026-08,2026-08-20,INV-V-0766,INV-2026-0368,6500.00
RC-2026-08-0659,RC-2026-0278,sub-18-0,2026-08,2026-08-17,INV-S-0409,INV-2026-0190,80900.00
RC-2026-08-0660,RC-2026-0279,sub-18-2,2026-08,2026-08-21,INV-S-0410,INV-2026-0191,60400.00
RC-2026-08-0661,RC-2026-0280,sub-18-3,2026-08,2026-08-07,INV-S-0411,INV-2026-0192,66350.00
RC-2026-08-0662,RC-2026-0281,sub-5-2,2026-08,2026-08-17,INV-S-0402,INV-2026-0183,10816.67
RC-2026-08-0663,RC-2026-0282,sub-30-0,2026-08,2026-08-15,INV-S-0412,INV-2026-0193,60450.00
RC-2026-08-0664,RC-2026-0283,sub-init-17,2026-08,2026-08-26,INV-S-0405,INV-2026-0186,100700.00
RC-2026-08-0665,RC-2026-0284,sub-30-1,2026-08,2026-08-17,INV-S-0413,INV-2026-0194,235950.00
RC-2026-08-0666,RC-2026-0285,sub-30-2,2026-08,2026-08-19,INV-S-0414,INV-2026-0195,62200.00
RC-2026-08-0667,RC-2026-0286,sub-30-3,2026-08,2026-08-21,INV-S-0415,INV-2026-0196,39250.00
RC-2026-08-0668,RC-2026-0287,sub-30-4,2026-08,2026-08-23,INV-S-0416,INV-2026-0197,1100200.00
RC-2026-08-0669,RC-2026-0288,sub-6-0,2026-08,2026-08-18,INV-S-0406,INV-2026-0187,52700.00
RC-2026-08-0670,RC-2026-0289,sub-6-1,2026-08,2026-08-22,INV-S-0407,INV-2026-0188,161600.00
RC-2026-08-0671,RC-2026-0290,sub-6-2,2026-08,2026-08-24,INV-S-0408,INV-2026-0189,53050.00
RC-2026-08-0672,RC-2026-0291,sub-17-1,2026-08,2026-08-12,INV-S-0403,INV-2026-0184,15079.17
RC-2026-08-0673,RC-2026-0292,sub-26-0,2026-08,2026-08-26,INV-V-0743,INV-2026-0345,37250.00
RC-2026-08-0674,RC-2026-0293,sub-24-1,2026-08,2026-08-15,INV-V-0731,INV-2026-0333,51500.00
RC-2026-08-0675,RC-2026-0294,sub-26-1,2026-08,2026-08-28,INV-V-0747,INV-2026-0349,45000.00
RC-2026-08-0676,RC-2026-0295,sub-29-2,2026-08,2026-08-26,INV-V-0772,INV-2026-0374,25500.00
RC-2026-08-0677,RC-2026-0296,sub-init-1,2026-08,2026-08-30,INV-S-0401,INV-2026-0182,20233.33
RC-2026-08-0678,RC-2026-0297,sub-27-3,2026-08,2026-08-20,INV-V-0756,INV-2026-0358,29250.00
RC-2026-08-0679,RC-2026-0298,sub-28-1,2026-08,2026-08-11,INV-V-0759,INV-2026-0361,23750.00
RC-2026-08-0680,RC-2026-0299,sub-28-2,2026-08,2026-08-12,INV-V-0763,INV-2026-0365,22593.28
RC-2026-09-0681,RC-2026-0300,sub-28-2,2026-09,2026-09-21,INV-V-0763,INV-2026-0365,22156.72
RC-2026-09-0682,RC-2026-0301,sub-28-3,2026-09,2026-09-16,INV-V-0767,INV-2026-0369,6500.00
RC-2026-09-0683,RC-2026-0302,sub-29-0,2026-09,2026-09-13,INV-V-0768,INV-2026-0370,28250.00
RC-2026-09-0684,RC-2026-0303,sub-init-5,2026-09,2026-09-07,INV-S-0404,INV-2026-0185,87600.00
RC-2026-09-0685,RC-2026-0304,sub-7-2,2026-09,2026-09-23,INV-S-0422,INV-2026-0203,59850.00
RC-2026-09-0686,RC-2026-0305,sub-19-0,2026-09,2026-09-28,INV-S-0423,INV-2026-0204,681050.00
RC-2026-09-0687,RC-2026-0306,sub-init-16,2026-09,2026-09-24,INV-S-0420,INV-2026-0201,108350.00
RC-2026-09-0688,RC-2026-0307,sub-19-1,2026-09,2026-09-30,INV-S-0424,INV-2026-0205,220700.00
RC-2026-09-0689,RC-2026-0308,sub-19-2,2026-09,2026-09-22,INV-S-0425,INV-2026-0206,298000.00
RC-2026-09-0690,RC-2026-0309,sub-19-3,2026-09,2026-09-18,INV-S-0426,INV-2026-0207,64250.00
RC-2026-09-0691,RC-2026-0310,sub-31-0,2026-09,2026-09-26,INV-S-0427,INV-2026-0208,994719.61
RC-2026-10-0692,RC-2026-0311,sub-31-0,2026-10,2026-10-24,INV-S-0427,INV-2026-0208,214130.39
RC-2026-10-0693,RC-2026-0312,sub-31-1,2026-10,2026-10-11,INV-S-0428,INV-2026-0209,43850.00
RC-2026-10-0694,RC-2026-0313,sub-31-2,2026-10,2026-10-12,INV-S-0429,INV-2026-0210,51700.00
RC-2026-10-0695,RC-2026-0314,sub-29-2,2026-10,2026-10-12,INV-V-0773,INV-2026-0375,25500.00
RC-2026-10-0696,RC-2026-0315,sub-31-3,2026-10,2026-10-02,INV-S-0430,INV-2026-0211,56700.00
RC-2026-10-0697,RC-2026-0316,sub-27-3,2026-10,2026-10-03,INV-V-0757,INV-2026-0359,29250.00
RC-2026-10-0698,RC-2026-0317,sub-30-1,2026-10,2026-10-15,INV-V-0776,INV-2026-0378,40750.00
RC-2026-10-0699,RC-2026-0318,sub-31-4,2026-10,2026-10-04,INV-S-0431,INV-2026-0212,233050.00
RC-2026-10-0700,RC-2026-0319,sub-28-1,2026-10,2026-10-20,INV-V-0760,INV-2026-0362,23750.00
RC-2026-10-0701,RC-2026-0320,sub-30-2,2026-10,2026-10-17,INV-V-0781,INV-2026-0383,8500.00
RC-2026-10-0702,RC-2026-0321,sub-28-2,2026-10,2026-10-22,INV-V-0764,INV-2026-0366,44750.00
RC-2026-10-0703,RC-2026-0322,sub-init-4,2026-10,2026-10-06,INV-S-0419,INV-2026-0200,58500.00
RC-2026-10-0704,RC-2026-0323,sub-29-0,2026-10,2026-10-14,INV-V-0769,INV-2026-0371,28250.00
RC-2026-10-0705,RC-2026-0324,sub-30-4,2026-10,2026-10-04,INV-V-0783,INV-2026-0385,82500.00
RC-2026-10-0706,RC-2026-0325,sub-7-0,2026-10,2026-10-17,INV-S-0421,INV-2026-0202,63400.00
RC-2026-10-0707,RC-2026-0326,sub-32-0,2026-10,2026-10-26,INV-S-0447,INV-2026-0228,48900.00
RC-2026-10-0708,RC-2026-0327,sub-1-1,2026-10,2026-10-14,INV-S-0433,INV-2026-0214,5895.83
RC-2026-10-0709,RC-2026-0328,sub-32-1,2026-10,2026-10-28,INV-S-0448,INV-2026-0229,57650.00
RC-2026-10-0710,RC-2026-0329,sub-32-2,2026-10,2026-10-30,INV-S-0449,INV-2026-0230,160350.00
RC-2026-10-0711,RC-2026-0330,sub-32-3,2026-10,2026-10-21,INV-S-0450,INV-2026-0231,38250.00
RC-2026-10-0712,RC-2026-0331,sub-32-4,2026-10,2026-10-09,INV-S-0451,INV-2026-0232,58600.00
RC-2026-10-0713,RC-2026-0332,sub-8-0,2026-10,2026-10-22,INV-S-0440,INV-2026-0221,44150.00
RC-2026-10-0714,RC-2026-0333,sub-8-1,2026-10,2026-10-24,INV-S-0441,INV-2026-0222,936805.57
RC-2026-11-0715,RC-2026-0334,sub-8-1,2026-11,2026-11-11,INV-S-0441,INV-2026-0222,123994.43
RC-2026-11-0716,RC-2026-0335,sub-init-15,2026-11,2026-11-13,INV-S-0439,INV-2026-0220,44150.00
RC-2026-11-0717,RC-2026-0336,sub-8-2,2026-11,2026-11-20,INV-S-0442,INV-2026-0223,57650.00
RC-2026-11-0718,RC-2026-0337,sub-20-0,2026-11,2026-11-14,INV-S-0443,INV-2026-0224,36400.00
RC-2026-11-0719,RC-2026-0338,sub-20-1,2026-11,2026-11-12,INV-S-0444,INV-2026-0225,39400.00
RC-2026-11-0720,RC-2026-0339,sub-20-2,2026-11,2026-11-24,INV-S-0445,INV-2026-0226,144000.00
RC-2026-11-0721,RC-2026-0340,sub-20-3,2026-11,2026-11-18,INV-S-0446,INV-2026-0227,205750.00
RC-2026-11-0722,RC-2026-0341,sub-6-2,2026-11,2026-11-22,INV-S-0434,INV-2026-0215,7416.67
RC-2026-11-0723,RC-2026-0342,sub-31-0,2026-11,2026-11-20,INV-S-0435,INV-2026-0216,140387.50
RC-2026-11-0724,RC-2026-0343,sub-29-2,2026-11,2026-11-23,INV-V-0774,INV-2026-0376,25500.00
RC-2026-11-0725,RC-2026-0344,sub-30-1,2026-11,2026-11-16,INV-V-0777,INV-2026-0379,40750.00
RC-2026-11-0726,RC-2026-0345,sub-28-1,2026-11,2026-11-20,INV-V-0761,INV-2026-0363,23750.00
RC-2026-11-0727,RC-2026-0346,sub-30-2,2026-11,2026-11-10,INV-V-0782,INV-2026-0384,8500.00
RC-2026-11-0728,RC-2026-0347,sub-init-3,2026-11,2026-11-04,INV-S-0438,INV-2026-0219,182050.00
RC-2026-11-0729,RC-2026-0348,sub-28-2,2026-11,2026-11-22,INV-V-0765,INV-2026-0367,44750.00
RC-2026-11-0730,RC-2026-0349,sub-31-0,2026-11,2026-11-01,INV-V-0788,INV-2026-0390,90666.67
RC-2026-11-0731,RC-2026-0350,sub-31-4,2026-11,2026-11-05,INV-V-0792,INV-2026-0394,40250.00
RC-2026-11-0732,RC-2026-0351,sub-29-0,2026-11,2026-11-14,INV-V-0770,INV-2026-0372,28250.00
RC-2026-11-0733,RC-2026-0352,sub-30-4,2026-11,2026-11-04,INV-V-0784,INV-2026-0386,82500.00
RC-2026-11-0734,RC-2026-0353,sub-init-14,2026-11,2026-11-20,INV-S-0458,INV-2026-0239,102950.00
RC-2026-11-0735,RC-2026-0354,sub-8-2,2026-11,2026-11-25,INV-S-0452,INV-2026-0233,13383.33
RC-2026-11-0736,RC-2026-0355,sub-33-0,2026-11,2026-11-27,INV-S-0465,INV-2026-0246,217700.00
RC-2026-11-0737,RC-2026-0356,sub-33-1,2026-11,2026-11-29,INV-S-0466,INV-2026-0247,259500.00
RC-2026-11-0738,RC-2026-0357,sub-29-3,2026-11,2026-11-17,INV-S-0455,INV-2026-0236,5466.67
RC-2026-11-0739,RC-2026-0358,sub-30-1,2026-11,2026-11-17,INV-S-0456,INV-2026-0237,51975.00
RC-2026-11-0740,RC-2026-0359,sub-33-2,2026-11,2026-11-15,INV-S-0467,INV-2026-0248,230500.00
RC-2026-11-0741,RC-2026-0360,sub-33-3,2026-11,2026-11-17,INV-S-0468,INV-2026-0249,202750.00
RC-2026-11-0742,RC-2026-0361,sub-13-2,2026-11,2026-11-24,INV-S-0453,INV-2026-0234,4400.00
RC-2026-11-0743,RC-2026-0362,sub-33-4,2026-11,2026-11-19,INV-S-0469,INV-2026-0250,44250.00
RC-2026-11-0744,RC-2026-0363,sub-9-0,2026-11,2026-11-16,INV-S-0459,INV-2026-0240,262300.00
RC-2026-11-0745,RC-2026-0364,sub-9-1,2026-11,2026-11-18,INV-S-0460,INV-2026-0241,210050.00
RC-2026-11-0746,RC-2026-0365,sub-9-2,2026-11,2026-11-10,INV-S-0461,INV-2026-0242,87050.00
RC-2026-11-0747,RC-2026-0366,sub-21-0,2026-11,2026-11-19,INV-S-0462,INV-2026-0243,237100.00
RC-2026-11-0748,RC-2026-0367,sub-29-2,2026-11,2026-11-26,INV-V-0775,INV-2026-0377,25500.00
RC-2026-11-0749,RC-2026-0368,sub-14-2,2026-11,2026-11-13,INV-S-0454,INV-2026-0235,7208.33
RC-2026-11-0750,RC-2026-0369,sub-21-2,2026-11,2026-11-14,INV-S-0463,INV-2026-0244,62350.00
RC-2026-11-0751,RC-2026-0370,sub-30-1,2026-11,2026-11-28,INV-V-0778,INV-2026-0380,40750.00
RC-2026-11-0752,RC-2026-0371,sub-init-2,2026-11,2026-11-20,INV-S-0457,INV-2026-0238,64650.00
RC-2026-11-0753,RC-2026-0372,sub-21-3,2026-11,2026-11-20,INV-S-0464,INV-2026-0245,69400.00
RC-2026-11-0754,RC-2026-0373,sub-32-0,2026-11,2026-11-17,INV-V-0796,INV-2026-0398,7000.00
RC-2026-11-0755,RC-2026-0374,sub-31-0,2026-11,2026-11-20,INV-V-0789,INV-2026-0391,90666.67
RC-2026-11-0756,RC-2026-0375,sub-31-4,2026-11,2026-11-24,INV-V-0793,INV-2026-0395,40250.00
RC-2026-11-0757,RC-2026-0376,sub-32-1,2026-11,2026-11-11,INV-V-0799,INV-2026-0401,8000.00
RC-2026-11-0758,RC-2026-0377,sub-29-0,2026-11,2026-11-15,INV-V-0771,INV-2026-0373,28250.00
RC-2026-11-0759,RC-2026-0378,sub-30-4,2026-11,2026-11-21,INV-V-0785,INV-2026-0387,82500.00
RC-2026-11-0760,RC-2026-0379,sub-32-2,2026-11,2026-11-22,INV-V-0802,INV-2026-0404,27750.00
RC-2026-11-0761,RC-2026-0380,sub-7-2,2026-11,2026-11-18,INV-S-0474,INV-2026-0255,10087.50
RC-2026-11-0762,RC-2026-0381,sub-22-0,2026-11,2026-11-17,INV-S-0483,INV-2026-0264,210500.00
RC-2026-11-0763,RC-2026-0382,sub-22-1,2026-11,2026-11-23,INV-S-0484,INV-2026-0265,144750.00
RC-2026-11-0764,RC-2026-0383,sub-22-2,2026-11,2026-11-24,INV-S-0485,INV-2026-0266,67500.00
RC-2026-11-0765,RC-2026-0384,sub-22-3,2026-11,2026-11-22,INV-S-0486,INV-2026-0267,39500.00
RC-2026-11-0766,RC-2026-0385,sub-init-11,2026-11,2026-11-24,INV-S-0472,INV-2026-0253,7716.67
RC-2026-11-0767,RC-2026-0386,sub-init-13,2026-11,2026-11-11,INV-S-0478,INV-2026-0259,284374.91
RC-2026-12-0768,RC-2026-0387,sub-init-13,2026-12,2026-12-19,INV-S-0478,INV-2026-0259,771325.09
RC-2026-12-0769,RC-2026-0388,sub-init-14,2026-12,2026-12-21,INV-S-0473,INV-2026-0254,18379.17
RC-2026-12-0770,RC-2026-0389,sub-29-0,2026-12,2026-12-28,INV-S-0476,INV-2026-0257,23858.33
RC-2026-12-0771,RC-2026-0390,sub-init-25,2026-12,2026-12-16,INV-S-0479,INV-2026-0260,779700.00
RC-2026-12-0772,RC-2026-0391,sub-10-0,2026-12,2026-12-20,INV-S-0480,INV-2026-0261,81650.00
RC-2026-12-0773,RC-2026-0392,sub-10-1,2026-12,2026-12-19,INV-S-0481,INV-2026-0262,1210450.00
RC-2026-12-0774,RC-2026-0393,sub-10-2,2026-12,2026-12-11,INV-S-0482,INV-2026-0263,186150.00
RC-2026-12-0775,RC-2026-0394,sub-34-0,2026-12,2026-12-18,INV-S-0487,INV-2026-0268,68400.00
RC-2026-12-0776,RC-2026-0395,sub-34-1,2026-12,2026-12-23,INV-S-0488,INV-2026-0269,69100.00
RC-2026-12-0777,RC-2026-0396,sub-34-2,2026-12,2026-12-15,INV-S-0489,INV-2026-0270,244500.00
RC-2026-12-0778,RC-2026-0397,sub-33-0,2026-12,2026-12-24,INV-V-0805,INV-2026-0407,34245.33
RC-2026-12-0779,RC-2026-0398,sub-34-3,2026-12,2026-12-12,INV-S-0490,INV-2026-0271,3599.37
